-- MySQL dump 10.13  Distrib 8.0.23, for Linux (x86_64)
--
-- Host: localhost    Database: vk
-- ------------------------------------------------------
-- Server version	8.0.23-0ubuntu0.20.04.1

/*!40101 SET @OLD_CHARACTER_SET_CLIENT=@@CHARACTER_SET_CLIENT */;
/*!40101 SET @OLD_CHARACTER_SET_RESULTS=@@CHARACTER_SET_RESULTS */;
/*!40101 SET @OLD_COLLATION_CONNECTION=@@COLLATION_CONNECTION */;
/*!50503 SET NAMES utf8mb4 */;
/*!40103 SET @OLD_TIME_ZONE=@@TIME_ZONE */;
/*!40103 SET TIME_ZONE='+00:00' */;
/*!40014 SET @OLD_UNIQUE_CHECKS=@@UNIQUE_CHECKS, UNIQUE_CHECKS=0 */;
/*!40014 SET @OLD_FOREIGN_KEY_CHECKS=@@FOREIGN_KEY_CHECKS, FOREIGN_KEY_CHECKS=0 */;
/*!40101 SET @OLD_SQL_MODE=@@SQL_MODE, SQL_MODE='NO_AUTO_VALUE_ON_ZERO' */;
/*!40111 SET @OLD_SQL_NOTES=@@SQL_NOTES, SQL_NOTES=0 */;

--
-- Table structure for table `communites`
--

DROP TABLE IF EXISTS `communites`;
/*!40101 SET @saved_cs_client     = @@character_set_client */;
/*!50503 SET character_set_client = utf8mb4 */;
CREATE TABLE `communites` (
  `id` int unsigned NOT NULL AUTO_INCREMENT COMMENT 'Идентификатор строки',
  `name` varchar(255) NOT NULL COMMENT 'Название группы',
  `created_at` datetime DEFAULT CURRENT_TIMESTAMP COMMENT 'Время создания строки',
  `updated_at` datetime DEFAULT CURRENT_TIMESTAMP ON UPDATE CURRENT_TIMESTAMP COMMENT 'Время обновления строки',
  PRIMARY KEY (`id`),
  UNIQUE KEY `name` (`name`)
) ENGINE=InnoDB DEFAULT CHARSET=utf8mb4 COLLATE=utf8mb4_0900_ai_ci;
/*!40101 SET character_set_client = @saved_cs_client */;

--
-- Dumping data for table `communites`
--

LOCK TABLES `communites` WRITE;
/*!40000 ALTER TABLE `communites` DISABLE KEYS */;
/*!40000 ALTER TABLE `communites` ENABLE KEYS */;
UNLOCK TABLES;

--
-- Table structure for table `communities`
--

DROP TABLE IF EXISTS `communities`;
/*!40101 SET @saved_cs_client     = @@character_set_client */;
/*!50503 SET character_set_client = utf8mb4 */;
CREATE TABLE `communities` (
  `id` int unsigned NOT NULL AUTO_INCREMENT,
  `name` varchar(150) CHARACTER SET utf8mb4 COLLATE utf8mb4_unicode_ci NOT NULL,
  `created_at` datetime DEFAULT CURRENT_TIMESTAMP,
  `updated_at` datetime DEFAULT CURRENT_TIMESTAMP ON UPDATE CURRENT_TIMESTAMP,
  PRIMARY KEY (`id`),
  UNIQUE KEY `name` (`name`)
) ENGINE=InnoDB AUTO_INCREMENT=101 DEFAULT CHARSET=utf8mb4 COLLATE=utf8mb4_unicode_ci;
/*!40101 SET character_set_client = @saved_cs_client */;

--
-- Dumping data for table `communities`
--

LOCK TABLES `communities` WRITE;
/*!40000 ALTER TABLE `communities` DISABLE KEYS */;
INSERT INTO `communities` VALUES (1,'Hansen LLC','2019-11-07 06:56:47','2016-08-26 12:11:44'),(2,'Kozey Group','2017-07-02 18:34:30','2016-03-25 21:40:12'),(3,'Weber, Pouros and Lowe','2016-11-19 19:43:23','2016-09-24 14:58:55'),(4,'Wuckert, Farrell and Ullrich','2012-05-09 05:21:53','2015-02-13 07:47:32'),(5,'Williamson, Hickle and Ritchie','2012-04-23 02:02:39','2015-04-01 07:11:45'),(6,'Hauck, Schneider and Grimes','2021-01-05 21:02:53','2014-03-26 19:55:10'),(7,'Schuppe Ltd','2020-01-09 16:23:41','2012-09-12 11:36:19'),(8,'Kunde-Brakus','2017-03-01 02:04:40','2017-10-23 17:46:05'),(9,'Johns, Boyle and Hoppe','2020-02-29 22:08:38','2012-02-03 23:41:42'),(10,'Bernhard-Block','2020-05-26 00:46:10','2019-03-22 08:04:56'),(11,'Beer Inc','2013-09-07 02:03:24','2012-02-07 11:49:36'),(12,'Littel-Mayer','2016-06-20 18:43:03','2019-05-17 04:32:11'),(13,'Stoltenberg, Von and Lockman','2017-08-05 19:37:34','2011-10-10 14:38:02'),(14,'Purdy Inc','2011-07-18 16:37:47','2013-05-13 11:37:26'),(15,'Weimann LLC','2015-10-25 10:55:25','2011-04-03 17:34:00'),(16,'Bernhard, Hauck and Boehm','2013-06-22 08:52:59','2014-02-14 22:46:18'),(17,'Batz-McDermott','2012-09-06 04:48:46','2016-08-19 19:25:47'),(18,'Boyle Inc','2015-03-30 07:51:20','2011-11-13 18:54:21'),(19,'Bahringer and Sons','2014-04-28 04:02:49','2020-02-11 19:26:31'),(20,'Kunde-Nicolas','2017-01-19 06:22:47','2011-04-26 05:03:04');
/*!40000 ALTER TABLE `communities` ENABLE KEYS */;
UNLOCK TABLES;

--
-- Table structure for table `communities_users`
--

DROP TABLE IF EXISTS `communities_users`;
/*!40101 SET @saved_cs_client     = @@character_set_client */;
/*!50503 SET character_set_client = utf8mb4 */;
CREATE TABLE `communities_users` (
  `community_id` int unsigned NOT NULL,
  `user_id` int unsigned NOT NULL,
  `created_at` datetime DEFAULT CURRENT_TIMESTAMP,
  PRIMARY KEY (`community_id`,`user_id`)
) ENGINE=InnoDB DEFAULT CHARSET=utf8mb4 COLLATE=utf8mb4_unicode_ci;
/*!40101 SET character_set_client = @saved_cs_client */;

--
-- Dumping data for table `communities_users`
--

LOCK TABLES `communities_users` WRITE;
/*!40000 ALTER TABLE `communities_users` DISABLE KEYS */;
INSERT INTO `communities_users` VALUES (1,80,'2016-08-17 22:21:41'),(1,84,'2012-04-06 16:51:46'),(1,95,'2014-12-27 15:07:58'),(1,100,'2020-09-12 18:19:27'),(2,74,'2016-12-13 00:29:50'),(2,84,'2016-05-08 08:43:02'),(3,10,'2013-08-26 19:45:33'),(4,18,'2013-08-25 22:54:55'),(4,49,'2018-10-05 13:35:08'),(4,72,'2013-07-08 13:09:03'),(4,93,'2016-03-17 06:32:58'),(5,13,'2020-05-05 22:31:29'),(5,34,'2020-06-10 23:18:54'),(5,47,'2013-11-17 15:36:34'),(5,74,'2014-01-01 14:09:52'),(6,74,'2018-08-24 22:32:34'),(6,80,'2014-10-01 10:22:48'),(7,4,'2019-07-20 18:25:19'),(7,32,'2020-07-15 11:51:46'),(7,99,'2018-03-11 18:54:02'),(8,14,'2012-04-30 02:58:13'),(8,33,'2012-02-07 20:11:12'),(8,37,'2012-09-29 05:46:06'),(8,66,'2019-05-11 19:25:27'),(8,67,'2017-06-30 16:17:13'),(8,69,'2019-04-13 11:32:38'),(8,70,'2019-03-29 00:00:39'),(8,79,'2018-08-16 19:58:40'),(9,1,'2011-03-06 23:49:41'),(9,22,'2016-05-30 07:08:51'),(9,49,'2017-10-29 00:30:22'),(9,54,'2017-08-16 10:24:31'),(9,71,'2020-01-17 21:15:31'),(9,100,'2015-03-10 06:55:08'),(10,2,'2017-02-09 11:55:04'),(10,28,'2012-02-08 05:11:10'),(10,31,'2017-08-30 19:03:04'),(10,38,'2019-11-30 02:03:49'),(10,51,'2013-10-02 19:15:38'),(10,53,'2011-09-03 19:50:13'),(10,81,'2020-05-11 09:26:26'),(10,87,'2017-06-15 06:24:40'),(11,21,'2018-09-28 03:44:16'),(11,45,'2012-06-12 12:25:21'),(11,54,'2018-03-31 22:00:31'),(11,56,'2019-06-30 04:53:38'),(11,67,'2019-01-28 17:22:54'),(11,97,'2012-07-01 10:19:56'),(12,50,'2011-12-10 00:28:29'),(12,77,'2012-12-21 10:54:25'),(12,81,'2015-03-28 14:43:52'),(12,95,'2013-02-16 22:11:36'),(13,2,'2019-10-15 10:52:14'),(13,8,'2015-05-08 04:43:53'),(13,14,'2017-01-12 17:02:29'),(13,25,'2014-03-11 13:41:58'),(13,41,'2019-05-24 02:22:36'),(13,43,'2014-07-12 10:48:50'),(13,59,'2013-09-02 15:06:49'),(13,80,'2013-09-30 16:12:58'),(14,32,'2017-11-24 09:15:42'),(14,33,'2013-12-12 23:42:37'),(14,64,'2017-05-14 17:21:16'),(14,69,'2013-02-13 03:47:58'),(14,74,'2016-04-07 18:16:03'),(14,97,'2013-11-05 06:40:03'),(15,36,'2019-03-19 19:51:11'),(15,40,'2016-09-28 22:34:51'),(15,42,'2013-05-11 13:14:25'),(15,47,'2019-12-23 20:05:59'),(15,55,'2013-03-28 11:51:04'),(15,72,'2018-10-19 08:00:13'),(15,73,'2014-12-16 12:43:59'),(15,81,'2018-11-30 05:48:20'),(15,93,'2013-03-17 22:05:21'),(15,99,'2014-09-03 03:27:06'),(16,17,'2013-11-06 06:29:53'),(16,35,'2020-03-15 03:40:32'),(16,39,'2013-01-07 10:53:37'),(16,61,'2015-10-29 19:28:53'),(16,65,'2015-11-04 15:55:32'),(17,11,'2014-04-15 01:29:21'),(17,19,'2013-05-03 16:23:46'),(17,30,'2013-08-02 13:55:25'),(17,45,'2014-10-01 14:49:41'),(17,69,'2011-10-06 20:39:15'),(17,80,'2011-08-01 13:19:46'),(17,93,'2017-09-09 09:46:34'),(18,7,'2015-05-28 13:23:58'),(18,9,'2013-09-28 05:07:48'),(18,10,'2016-03-28 01:10:30'),(18,16,'2015-10-16 14:52:25'),(18,35,'2011-07-23 22:36:03'),(19,63,'2018-05-12 10:09:41'),(19,81,'2015-05-23 05:51:45'),(20,5,'2016-09-05 22:05:26'),(20,6,'2020-05-02 16:37:16'),(20,25,'2019-06-28 10:08:30'),(20,52,'2012-05-08 00:46:24'),(20,86,'2017-09-15 15:35:05');
/*!40000 ALTER TABLE `communities_users` ENABLE KEYS */;
UNLOCK TABLES;

--
-- Table structure for table `friendship`
--

DROP TABLE IF EXISTS `friendship`;
/*!40101 SET @saved_cs_client     = @@character_set_client */;
/*!50503 SET character_set_client = utf8mb4 */;
CREATE TABLE `friendship` (
  `user_id` int unsigned NOT NULL,
  `friend_id` int unsigned NOT NULL,
  `friendship_status_id` int unsigned NOT NULL,
  `created_at` datetime DEFAULT CURRENT_TIMESTAMP,
  `updated_at` datetime DEFAULT CURRENT_TIMESTAMP,
  PRIMARY KEY (`user_id`,`friend_id`)
) ENGINE=InnoDB DEFAULT CHARSET=utf8mb4 COLLATE=utf8mb4_unicode_ci;
/*!40101 SET character_set_client = @saved_cs_client */;

--
-- Dumping data for table `friendship`
--

LOCK TABLES `friendship` WRITE;
/*!40000 ALTER TABLE `friendship` DISABLE KEYS */;
INSERT INTO `friendship` VALUES (2,3,1,'2011-07-11 17:16:33','2015-06-01 12:10:44'),(3,60,1,'2019-11-30 18:22:43','2021-02-17 19:34:30'),(4,37,2,'2018-02-12 11:47:26','2021-02-17 19:34:30'),(4,75,2,'2014-03-03 14:30:14','2019-06-15 11:07:02'),(4,79,1,'2011-10-07 03:03:37','2013-12-04 12:47:09'),(5,8,3,'2016-06-12 06:55:25','2019-08-18 02:32:48'),(11,84,2,'2018-06-18 21:52:17','2021-02-17 19:34:30'),(13,21,1,'2015-07-01 12:37:26','2017-01-11 17:36:36'),(13,25,3,'2016-01-25 21:27:45','2021-02-17 19:34:30'),(14,17,1,'2011-09-04 03:40:58','2012-04-23 19:00:04'),(15,77,2,'2016-05-21 21:34:26','2019-02-04 19:51:55'),(16,62,3,'2011-05-07 02:15:24','2017-09-16 15:18:40'),(18,6,3,'2014-12-03 17:21:51','2016-02-29 09:24:17'),(18,10,1,'2016-09-11 20:28:56','2021-02-17 19:34:30'),(19,73,3,'2015-09-06 12:26:43','2021-02-17 19:34:30'),(20,45,1,'2011-07-15 13:34:16','2020-07-26 03:50:13'),(21,59,3,'2016-09-02 02:57:02','2021-02-17 19:34:30'),(22,65,3,'2020-08-26 22:05:41','2021-02-17 19:34:30'),(22,99,3,'2015-07-09 19:26:35','2021-02-17 19:34:30'),(23,4,2,'2016-05-04 17:11:45','2018-06-27 14:21:17'),(25,57,3,'2018-05-20 04:36:18','2019-09-20 04:03:20'),(25,97,3,'2014-06-12 01:19:46','2021-02-17 19:34:30'),(26,51,1,'2014-11-01 18:33:27','2020-08-13 11:49:05'),(26,80,2,'2017-10-21 13:15:04','2021-02-17 19:34:30'),(29,74,1,'2017-09-05 23:40:29','2021-02-17 19:34:30'),(29,89,1,'2018-02-14 18:18:53','2021-02-17 19:34:30'),(31,31,1,'2011-08-29 05:23:26','2020-01-28 04:26:53'),(31,69,1,'2017-07-31 21:02:49','2021-02-17 19:34:30'),(32,34,2,'2011-06-01 15:13:07','2012-01-24 19:24:54'),(34,26,2,'2020-03-15 02:28:26','2021-02-17 19:34:30'),(34,47,2,'2013-04-02 06:53:57','2021-02-17 19:34:30'),(34,48,1,'2019-11-29 03:08:35','2021-02-17 19:34:30'),(34,54,3,'2015-08-26 01:17:02','2020-02-29 00:25:06'),(35,83,3,'2019-06-25 01:53:13','2021-02-17 19:34:30'),(36,96,2,'2013-10-09 03:13:32','2021-02-17 19:34:30'),(37,42,3,'2015-05-13 11:56:01','2021-02-17 19:34:30'),(39,13,2,'2017-03-19 05:38:49','2018-09-09 21:21:43'),(44,23,1,'2017-04-17 13:15:29','2018-12-10 03:55:08'),(46,58,1,'2021-02-13 01:29:43','2021-02-17 19:34:30'),(46,68,3,'2021-01-02 03:32:18','2021-02-17 19:34:30'),(46,100,3,'2015-05-27 11:38:28','2021-02-17 19:34:30'),(47,2,2,'2018-10-21 18:20:54','2021-02-17 19:34:30'),(47,35,1,'2020-09-09 07:34:47','2021-02-17 19:34:30'),(49,30,1,'2012-12-18 22:23:48','2017-04-15 15:26:54'),(49,66,1,'2017-05-24 16:52:44','2020-08-16 15:23:47'),(50,93,2,'2013-12-03 11:09:26','2021-02-17 19:34:30'),(51,24,1,'2019-09-16 11:09:50','2021-02-17 19:34:30'),(52,18,2,'2011-06-01 23:29:09','2019-11-19 17:34:38'),(53,33,1,'2012-02-25 01:42:43','2016-06-14 01:01:13'),(53,36,3,'2017-03-15 23:33:15','2021-02-17 19:34:30'),(54,94,2,'2012-09-07 17:48:42','2018-07-21 12:41:24'),(55,91,1,'2015-01-23 14:19:04','2018-10-07 12:50:00'),(56,53,3,'2015-06-29 15:48:38','2019-07-26 17:07:44'),(56,63,3,'2013-10-21 12:04:47','2016-04-24 09:01:17'),(58,9,3,'2019-02-04 00:41:04','2021-02-17 19:34:30'),(59,85,1,'2020-07-15 11:13:44','2021-02-17 19:34:30'),(62,16,3,'2011-12-20 08:42:51','2018-03-09 13:15:18'),(62,78,1,'2020-05-15 12:09:03','2021-02-17 19:34:30'),(62,90,1,'2012-05-12 16:40:07','2020-06-16 05:18:40'),(63,5,1,'2018-07-18 09:30:56','2020-02-20 04:17:58'),(63,15,1,'2018-11-06 18:42:44','2019-02-19 18:43:23'),(65,29,3,'2013-10-15 09:16:55','2014-02-20 14:25:16'),(65,61,1,'2016-05-01 21:47:24','2020-01-08 07:19:31'),(66,7,3,'2011-08-10 04:09:43','2014-11-29 04:56:55'),(66,95,2,'2013-08-08 11:35:43','2016-01-09 00:34:46'),(67,92,2,'2017-12-30 00:45:28','2021-02-17 19:34:30'),(68,52,1,'2012-04-04 03:15:12','2012-09-08 22:08:19'),(68,71,2,'2013-04-20 20:41:55','2020-02-24 15:33:54'),(68,88,2,'2016-05-03 22:42:25','2021-02-17 19:34:30'),(73,11,2,'2013-11-17 06:09:15','2013-12-08 22:00:19'),(73,82,3,'2020-04-28 15:57:30','2021-02-17 19:34:30'),(73,98,3,'2016-06-20 20:18:13','2018-10-17 22:43:32'),(74,46,2,'2012-04-29 04:55:52','2021-02-12 05:40:37'),(75,12,1,'2014-03-15 11:29:04','2015-09-18 19:26:49'),(76,27,1,'2018-08-12 09:56:42','2021-02-17 19:34:30'),(76,87,1,'2017-05-08 16:26:28','2021-02-17 19:34:30'),(77,81,3,'2015-03-27 20:33:02','2018-09-25 22:31:56'),(78,14,1,'2015-01-12 11:52:44','2015-10-07 06:59:43'),(78,32,2,'2019-06-29 21:17:32','2021-02-17 19:34:30'),(78,72,3,'2020-03-09 19:29:58','2021-02-17 19:34:30'),(79,86,3,'2014-03-11 16:26:48','2019-09-21 12:37:39'),(81,43,2,'2020-12-30 07:22:14','2021-02-17 19:34:30'),(82,39,2,'2016-08-27 02:00:23','2017-11-03 05:54:33'),(85,20,3,'2013-05-20 04:00:24','2015-06-15 06:52:24'),(87,67,1,'2019-10-10 08:56:46','2021-02-17 19:34:30'),(88,28,2,'2012-11-14 14:28:04','2017-01-13 08:35:37'),(91,41,1,'2020-07-08 09:47:41','2021-02-17 19:34:30'),(92,1,3,'2013-04-20 00:40:02','2021-02-17 19:34:30'),(92,64,1,'2018-10-17 18:37:54','2021-02-17 19:34:30'),(92,70,1,'2018-12-30 14:38:13','2021-02-17 19:34:30'),(93,38,3,'2013-08-02 09:57:57','2021-02-17 19:34:30'),(93,50,3,'2015-12-21 04:32:39','2017-11-20 20:08:00'),(94,22,1,'2012-07-30 06:19:50','2020-12-13 20:27:50'),(96,19,2,'2011-03-21 15:46:45','2011-07-10 11:54:10'),(98,40,2,'2015-03-20 02:24:37','2021-02-17 19:34:30'),(98,76,1,'2017-05-16 01:32:48','2021-02-17 19:34:30'),(99,44,1,'2018-09-21 20:45:54','2021-02-17 19:34:30'),(99,49,3,'2016-05-26 19:03:11','2021-02-17 19:34:30'),(99,56,1,'2017-03-14 18:09:01','2021-02-17 19:34:30'),(100,55,2,'2017-04-22 04:11:15','2019-05-14 09:09:58');
/*!40000 ALTER TABLE `friendship` ENABLE KEYS */;
UNLOCK TABLES;

--
-- Table structure for table `friendship_statuses`
--

DROP TABLE IF EXISTS `friendship_statuses`;
/*!40101 SET @saved_cs_client     = @@character_set_client */;
/*!50503 SET character_set_client = utf8mb4 */;
CREATE TABLE `friendship_statuses` (
  `id` int unsigned NOT NULL AUTO_INCREMENT,
  `name` varchar(150) CHARACTER SET utf8mb4 COLLATE utf8mb4_unicode_ci NOT NULL,
  `confirmed_at` datetime DEFAULT NULL,
  `created_at` datetime DEFAULT CURRENT_TIMESTAMP,
  `updated_at` datetime DEFAULT CURRENT_TIMESTAMP ON UPDATE CURRENT_TIMESTAMP,
  PRIMARY KEY (`id`),
  UNIQUE KEY `name` (`name`)
) ENGINE=InnoDB AUTO_INCREMENT=4 DEFAULT CHARSET=utf8mb4 COLLATE=utf8mb4_unicode_ci;
/*!40101 SET character_set_client = @saved_cs_client */;

--
-- Dumping data for table `friendship_statuses`
--

LOCK TABLES `friendship_statuses` WRITE;
/*!40000 ALTER TABLE `friendship_statuses` DISABLE KEYS */;
INSERT INTO `friendship_statuses` VALUES (1,'Requested','2021-02-17 19:41:59','2021-02-17 19:41:59','2021-02-17 19:43:18'),(2,'Confirmed','2021-02-17 19:41:59','2021-02-17 19:41:59','2021-02-17 19:43:18'),(3,'Rejected','2021-02-17 19:41:59','2021-02-17 19:41:59','2021-02-17 19:43:18');
/*!40000 ALTER TABLE `friendship_statuses` ENABLE KEYS */;
UNLOCK TABLES;

--
-- Table structure for table `friendships`
--

DROP TABLE IF EXISTS `friendships`;
/*!40101 SET @saved_cs_client     = @@character_set_client */;
/*!50503 SET character_set_client = utf8mb4 */;
CREATE TABLE `friendships` (
  `user_id` int unsigned NOT NULL COMMENT 'Ссылка на инициатора дружбы',
  `friend_id` int unsigned NOT NULL COMMENT 'Ссылка на получателя',
  `frindships_status_id` int unsigned NOT NULL COMMENT 'Ссылка на статус отношений',
  `created_at` datetime DEFAULT CURRENT_TIMESTAMP COMMENT 'Время создания строки',
  `updated_at` datetime DEFAULT CURRENT_TIMESTAMP ON UPDATE CURRENT_TIMESTAMP COMMENT 'Составной первичный ключ',
  PRIMARY KEY (`user_id`,`friend_id`)
) ENGINE=InnoDB DEFAULT CHARSET=utf8mb4 COLLATE=utf8mb4_0900_ai_ci;
/*!40101 SET character_set_client = @saved_cs_client */;

--
-- Dumping data for table `friendships`
--

LOCK TABLES `friendships` WRITE;
/*!40000 ALTER TABLE `friendships` DISABLE KEYS */;
/*!40000 ALTER TABLE `friendships` ENABLE KEYS */;
UNLOCK TABLES;

--
-- Table structure for table `media`
--

DROP TABLE IF EXISTS `media`;
/*!40101 SET @saved_cs_client     = @@character_set_client */;
/*!50503 SET character_set_client = utf8mb4 */;
CREATE TABLE `media` (
  `id` int unsigned NOT NULL AUTO_INCREMENT,
  `user_id` int unsigned NOT NULL,
  `filename` varchar(255) CHARACTER SET utf8mb4 COLLATE utf8mb4_unicode_ci NOT NULL,
  `size` int NOT NULL,
  `metadata` json DEFAULT NULL,
  `media_type_id` int unsigned NOT NULL,
  `created_at` datetime DEFAULT CURRENT_TIMESTAMP,
  `updated_at` datetime DEFAULT CURRENT_TIMESTAMP ON UPDATE CURRENT_TIMESTAMP,
  PRIMARY KEY (`id`),
  CONSTRAINT `media_chk_1` CHECK (json_valid(`metadata`))
) ENGINE=InnoDB AUTO_INCREMENT=101 DEFAULT CHARSET=utf8mb4 COLLATE=utf8mb4_unicode_ci;
/*!40101 SET character_set_client = @saved_cs_client */;

--
-- Dumping data for table `media`
--

LOCK TABLES `media` WRITE;
/*!40000 ALTER TABLE `media` DISABLE KEYS */;
INSERT INTO `media` VALUES (1,89,'http://dropbox.net/vk/minima.mpeg',84041,'{\"owner\": \"Arely Kirlin\"}',3,'2018-02-21 10:41:45','2021-02-17 19:28:27'),(2,79,'http://dropbox.net/vk/et.mp3',4439,'{\"owner\": \"Elena Tillman\"}',3,'2015-02-01 00:16:15','2021-02-17 19:28:27'),(3,26,'http://dropbox.net/vk/iure.avi',69072,'{\"owner\": \"Amina Beatty\"}',1,'2020-11-30 13:08:15','2021-02-17 19:28:27'),(4,94,'http://dropbox.net/vk/quo.mp3',31042,'{\"owner\": \"Destany Gerlach\"}',2,'2014-03-27 09:12:52','2021-02-17 19:19:03'),(5,91,'http://dropbox.net/vk/ut.mpeg',46994,'{\"owner\": \"Kevon Haag\"}',3,'2013-12-01 13:13:44','2021-02-17 19:28:27'),(6,73,'http://dropbox.net/vk/officia.avi',40847,'{\"owner\": \"Werner Gislason\"}',1,'2016-03-09 13:41:28','2021-02-17 19:28:27'),(7,90,'http://dropbox.net/vk/molestiae.avi',62253,'{\"owner\": \"Emmitt Bechtelar\"}',3,'2016-06-14 12:14:35','2021-02-17 19:19:03'),(8,30,'http://dropbox.net/vk/sint.avi',87724,'{\"owner\": \"Nikolas Collins\"}',1,'2016-06-17 14:47:21','2021-02-17 19:19:03'),(9,79,'http://dropbox.net/vk/sit.mpeg',50860,'{\"owner\": \"Elena Tillman\"}',3,'2019-11-15 05:33:33','2021-02-17 19:19:03'),(10,5,'http://dropbox.net/vk/esse.jpeg',90131,'{\"owner\": \"Rae Kshlerin\"}',2,'2020-01-02 20:04:54','2021-02-17 19:19:03'),(11,89,'http://dropbox.net/vk/ut.mpeg',97074,'{\"owner\": \"Arely Kirlin\"}',2,'2017-02-26 00:13:49','2021-02-17 19:28:27'),(12,30,'http://dropbox.net/vk/dolorem.png',13976,'{\"owner\": \"Nikolas Collins\"}',1,'2013-09-16 21:21:23','2021-02-17 19:28:27'),(13,83,'http://dropbox.net/vk/animi.mpeg',77659,'{\"owner\": \"Florine Dach\"}',2,'2011-10-21 18:22:50','2021-02-17 19:19:03'),(14,24,'http://dropbox.net/vk/ratione.avi',45368,'{\"owner\": \"Rasheed Bergstrom\"}',1,'2011-05-14 03:43:39','2021-02-17 19:28:27'),(15,72,'http://dropbox.net/vk/voluptatem.avi',92864,'{\"owner\": \"Torrance Daniel\"}',2,'2020-12-12 22:29:58','2021-02-17 19:28:27'),(16,86,'http://dropbox.net/vk/accusantium.mp3',27215,'{\"owner\": \"Holly Considine\"}',1,'2019-07-20 09:18:55','2021-02-17 19:19:03'),(17,14,'http://dropbox.net/vk/eius.mpeg',56486,'{\"owner\": \"Dandre Hermann\"}',3,'2020-09-25 13:21:06','2021-02-17 19:28:27'),(18,10,'http://dropbox.net/vk/est.avi',99784,'{\"owner\": \"Jalyn Stroman\"}',2,'2014-03-22 08:57:38','2021-02-17 19:28:27'),(19,10,'http://dropbox.net/vk/ut.jpeg',28461,'{\"owner\": \"Jalyn Stroman\"}',1,'2020-04-18 01:29:43','2021-02-17 19:28:27'),(20,16,'http://dropbox.net/vk/quis.mpeg',41954,'{\"owner\": \"Dan Franecki\"}',1,'2020-08-24 13:21:12','2021-02-17 19:28:27'),(21,53,'http://dropbox.net/vk/qui.mpeg',23389,'{\"owner\": \"Emmalee Abshire\"}',2,'2014-09-15 15:43:20','2021-02-17 19:19:03'),(22,14,'http://dropbox.net/vk/distinctio.avi',90085,'{\"owner\": \"Dandre Hermann\"}',2,'2020-02-12 02:46:13','2021-02-17 19:28:27'),(23,12,'http://dropbox.net/vk/consequatur.wav',79256,'{\"owner\": \"Presley Glover\"}',3,'2014-03-09 07:38:20','2021-02-17 19:28:27'),(24,19,'http://dropbox.net/vk/consequatur.wav',25025,'{\"owner\": \"Era Schultz\"}',3,'2013-10-18 20:24:45','2021-02-17 19:28:27'),(25,55,'http://dropbox.net/vk/quia.avi',86358,'{\"owner\": \"Gwendolyn Schultz\"}',2,'2011-06-24 08:42:52','2021-02-17 19:28:27'),(26,20,'http://dropbox.net/vk/numquam.mp3',55718,'{\"owner\": \"Talia Legros\"}',3,'2017-05-21 13:15:38','2021-02-17 19:28:27'),(27,35,'http://dropbox.net/vk/enim.mp3',18514,'{\"owner\": \"Wilson Prosacco\"}',2,'2014-08-09 06:25:01','2021-02-17 19:19:03'),(28,14,'http://dropbox.net/vk/accusamus.mp3',24416,'{\"owner\": \"Dandre Hermann\"}',3,'2014-03-23 20:21:02','2021-02-17 19:28:27'),(29,62,'http://dropbox.net/vk/sit.mp3',65538,'{\"owner\": \"Cathrine Jakubowski\"}',3,'2020-05-16 01:33:14','2021-02-17 19:28:27'),(30,70,'http://dropbox.net/vk/molestias.avi',53446,'{\"owner\": \"Carmen Muller\"}',2,'2019-09-03 19:34:56','2021-02-17 19:28:27'),(31,63,'http://dropbox.net/vk/officia.avi',69613,'{\"owner\": \"Andreanne Kerluke\"}',2,'2017-04-29 09:48:49','2021-02-17 19:28:27'),(32,6,'http://dropbox.net/vk/dolorum.mpeg',86727,'{\"owner\": \"Pearline Jaskolski\"}',1,'2019-12-09 19:39:16','2021-02-17 19:19:03'),(33,41,'http://dropbox.net/vk/in.mpeg',23800,'{\"owner\": \"Watson Kub\"}',2,'2011-08-22 08:55:34','2021-02-17 19:28:27'),(34,86,'http://dropbox.net/vk/aut.mp3',57816,'{\"owner\": \"Holly Considine\"}',3,'2014-11-09 01:55:12','2021-02-17 19:28:27'),(35,4,'http://dropbox.net/vk/magnam.mp3',16684,'{\"owner\": \"Hadley Kris\"}',1,'2012-07-09 00:13:44','2021-02-17 19:28:27'),(36,63,'http://dropbox.net/vk/similique.mp3',8969,'{\"owner\": \"Andreanne Kerluke\"}',2,'2011-08-04 23:16:02','2021-02-17 19:19:03'),(37,1,'http://dropbox.net/vk/omnis.mp3',93796,'{\"owner\": \"Kristina McKenzie\"}',2,'2015-06-03 12:58:48','2021-02-17 19:28:27'),(38,15,'http://dropbox.net/vk/amet.avi',41072,'{\"owner\": \"Demarcus Kautzer\"}',3,'2012-06-15 11:16:02','2021-02-17 19:28:27'),(39,74,'http://dropbox.net/vk/neque.wav',22974,'{\"owner\": \"Dayton Hudson\"}',3,'2011-06-03 23:49:39','2021-02-17 19:19:03'),(40,24,'http://dropbox.net/vk/esse.jpeg',90652,'{\"owner\": \"Rasheed Bergstrom\"}',1,'2017-12-18 15:39:10','2021-02-17 19:28:27'),(41,99,'http://dropbox.net/vk/consequuntur.avi',83338,'{\"owner\": \"Dayne Hettinger\"}',3,'2017-06-23 14:26:24','2021-02-17 19:28:27'),(42,20,'http://dropbox.net/vk/vel.mp3',43738,'{\"owner\": \"Talia Legros\"}',2,'2019-02-28 01:51:04','2021-02-17 19:28:27'),(43,5,'http://dropbox.net/vk/qui.avi',67673,'{\"owner\": \"Rae Kshlerin\"}',1,'2014-02-05 20:33:43','2021-02-17 19:28:27'),(44,62,'http://dropbox.net/vk/maiores.wav',6154,'{\"owner\": \"Cathrine Jakubowski\"}',3,'2015-09-20 07:35:43','2021-02-17 19:19:03'),(45,95,'http://dropbox.net/vk/nihil.png',26752,'{\"owner\": \"Maybelle Harber\"}',1,'2020-10-11 08:26:03','2021-02-17 19:28:27'),(46,89,'http://dropbox.net/vk/qui.wav',14296,'{\"owner\": \"Arely Kirlin\"}',1,'2013-04-07 14:24:28','2021-02-17 19:28:27'),(47,61,'http://dropbox.net/vk/facere.mp3',90227,'{\"owner\": \"General Torphy\"}',1,'2015-01-05 17:33:26','2021-02-17 19:28:27'),(48,38,'http://dropbox.net/vk/quis.wav',7247,'{\"owner\": \"Deshawn Kovacek\"}',2,'2019-07-28 13:27:13','2021-02-17 19:28:27'),(49,7,'http://dropbox.net/vk/odio.mpeg',64555,'{\"owner\": \"Kaya Schiller\"}',2,'2012-08-23 13:32:32','2021-02-17 19:28:27'),(50,18,'http://dropbox.net/vk/adipisci.mpeg',100036,'{\"owner\": \"Gregoria Price\"}',2,'2016-12-27 05:34:43','2021-02-17 19:28:27'),(51,70,'http://dropbox.net/vk/occaecati.png',5514,'{\"owner\": \"Carmen Muller\"}',2,'2013-03-19 23:55:07','2021-02-17 19:19:03'),(52,95,'http://dropbox.net/vk/inventore.mpeg',26464,'{\"owner\": \"Maybelle Harber\"}',1,'2011-12-29 08:09:50','2021-02-17 19:28:27'),(53,65,'http://dropbox.net/vk/ut.png',14777,'{\"owner\": \"Norene Cummerata\"}',1,'2013-02-28 11:20:36','2021-02-17 19:19:03'),(54,37,'http://dropbox.net/vk/magnam.mpeg',93493,'{\"owner\": \"Mylene Conn\"}',1,'2016-08-04 14:31:51','2021-02-17 19:19:03'),(55,92,'http://dropbox.net/vk/explicabo.png',22135,'{\"owner\": \"Candido Osinski\"}',2,'2019-06-19 17:03:31','2021-02-17 19:19:03'),(56,46,'http://dropbox.net/vk/et.jpeg',29195,'{\"owner\": \"Garth Stroman\"}',3,'2014-01-26 18:57:05','2021-02-17 19:28:27'),(57,54,'http://dropbox.net/vk/sint.mp3',78571,'{\"owner\": \"Keagan Runte\"}',2,'2018-12-07 14:13:33','2021-02-17 19:28:27'),(58,30,'http://dropbox.net/vk/voluptas.mpeg',4273,'{\"owner\": \"Nikolas Collins\"}',3,'2015-08-12 02:27:34','2021-02-17 19:28:27'),(59,90,'http://dropbox.net/vk/dolorem.wav',84650,'{\"owner\": \"Emmitt Bechtelar\"}',1,'2019-08-10 09:41:59','2021-02-17 19:19:03'),(60,57,'http://dropbox.net/vk/voluptas.png',9433,'{\"owner\": \"Ophelia Metz\"}',1,'2015-04-12 17:53:16','2021-02-17 19:28:27'),(61,15,'http://dropbox.net/vk/neque.mpeg',92214,'{\"owner\": \"Demarcus Kautzer\"}',3,'2020-03-28 13:04:50','2021-02-17 19:28:27'),(62,3,'http://dropbox.net/vk/quas.mp3',31772,'{\"owner\": \"Serena Armstrong\"}',3,'2015-04-16 14:22:11','2021-02-17 19:28:27'),(63,68,'http://dropbox.net/vk/est.avi',81220,'{\"owner\": \"Alayna Buckridge\"}',2,'2016-09-28 11:13:31','2021-02-17 19:28:27'),(64,33,'http://dropbox.net/vk/assumenda.png',9782,'{\"owner\": \"Doris Cronin\"}',2,'2016-04-13 06:29:40','2021-02-17 19:28:27'),(65,61,'http://dropbox.net/vk/provident.mpeg',4252,'{\"owner\": \"General Torphy\"}',2,'2017-03-20 04:17:08','2021-02-17 19:28:27'),(66,5,'http://dropbox.net/vk/rerum.wav',90913,'{\"owner\": \"Rae Kshlerin\"}',1,'2011-09-29 17:24:40','2021-02-17 19:28:27'),(67,43,'http://dropbox.net/vk/iusto.avi',40809,'{\"owner\": \"Adam Nitzsche\"}',2,'2013-08-04 06:36:10','2021-02-17 19:28:27'),(68,99,'http://dropbox.net/vk/qui.jpeg',30306,'{\"owner\": \"Dayne Hettinger\"}',1,'2019-04-19 22:26:10','2021-02-17 19:28:27'),(69,65,'http://dropbox.net/vk/natus.mpeg',28106,'{\"owner\": \"Norene Cummerata\"}',2,'2015-03-03 03:58:17','2021-02-17 19:19:03'),(70,26,'http://dropbox.net/vk/dolore.mpeg',48613,'{\"owner\": \"Amina Beatty\"}',2,'2011-08-10 08:38:41','2021-02-17 19:19:03'),(71,36,'http://dropbox.net/vk/nisi.png',57747,'{\"owner\": \"Aliza Bechtelar\"}',1,'2019-05-23 18:10:49','2021-02-17 19:28:27'),(72,99,'http://dropbox.net/vk/consequatur.mp3',41894,'{\"owner\": \"Dayne Hettinger\"}',1,'2020-09-30 22:18:34','2021-02-17 19:28:27'),(73,90,'http://dropbox.net/vk/totam.wav',35231,'{\"owner\": \"Emmitt Bechtelar\"}',3,'2020-09-08 19:39:07','2021-02-17 19:28:27'),(74,51,'http://dropbox.net/vk/necessitatibus.wav',49473,'{\"owner\": \"Itzel Zboncak\"}',2,'2012-02-04 18:39:53','2021-02-17 19:19:03'),(75,87,'http://dropbox.net/vk/recusandae.png',40672,'{\"owner\": \"Elaina Bashirian\"}',2,'2020-06-07 12:41:50','2021-02-17 19:28:27'),(76,79,'http://dropbox.net/vk/provident.mpeg',53942,'{\"owner\": \"Elena Tillman\"}',2,'2018-10-25 04:19:41','2021-02-17 19:28:27'),(77,32,'http://dropbox.net/vk/qui.avi',46694,'{\"owner\": \"Euna Collier\"}',3,'2017-02-22 00:32:32','2021-02-17 19:28:27'),(78,25,'http://dropbox.net/vk/modi.mpeg',70644,'{\"owner\": \"Gloria Ferry\"}',2,'2018-06-17 05:19:13','2021-02-17 19:28:27'),(79,26,'http://dropbox.net/vk/corrupti.mpeg',12138,'{\"owner\": \"Amina Beatty\"}',1,'2017-06-28 03:34:56','2021-02-17 19:19:03'),(80,56,'http://dropbox.net/vk/temporibus.avi',47759,'{\"owner\": \"Alisha Powlowski\"}',1,'2019-03-25 08:30:04','2021-02-17 19:28:27'),(81,2,'http://dropbox.net/vk/asperiores.png',1384,'{\"owner\": \"Abel Brekke\"}',1,'2020-09-06 08:09:57','2021-02-17 19:28:27'),(82,41,'http://dropbox.net/vk/rerum.wav',62640,'{\"owner\": \"Watson Kub\"}',1,'2021-01-15 04:48:21','2021-02-17 19:28:27'),(83,98,'http://dropbox.net/vk/suscipit.mp3',8051,'{\"owner\": \"Virginia Kshlerin\"}',1,'2013-02-07 05:43:46','2021-02-17 19:28:27'),(84,68,'http://dropbox.net/vk/aliquid.avi',51334,'{\"owner\": \"Alayna Buckridge\"}',1,'2017-05-19 21:11:51','2021-02-17 19:19:03'),(85,46,'http://dropbox.net/vk/et.mpeg',31519,'{\"owner\": \"Garth Stroman\"}',1,'2011-05-14 15:49:00','2021-02-17 19:28:27'),(86,26,'http://dropbox.net/vk/sapiente.mp3',2592,'{\"owner\": \"Amina Beatty\"}',2,'2017-02-16 07:45:18','2021-02-17 19:19:03'),(87,93,'http://dropbox.net/vk/velit.avi',17404,'{\"owner\": \"Idella Boyer\"}',3,'2015-05-18 18:52:09','2021-02-17 19:28:27'),(88,83,'http://dropbox.net/vk/aspernatur.avi',78247,'{\"owner\": \"Florine Dach\"}',2,'2018-03-31 10:36:18','2021-02-17 19:19:03'),(89,37,'http://dropbox.net/vk/quasi.wav',38020,'{\"owner\": \"Mylene Conn\"}',1,'2018-07-07 20:11:19','2021-02-17 19:19:03'),(90,34,'http://dropbox.net/vk/impedit.mpeg',54361,'{\"owner\": \"Matilde Huels\"}',3,'2014-01-20 20:20:57','2021-02-17 19:19:03'),(91,62,'http://dropbox.net/vk/laboriosam.avi',56745,'{\"owner\": \"Cathrine Jakubowski\"}',3,'2013-10-13 09:09:15','2021-02-17 19:28:27'),(92,4,'http://dropbox.net/vk/velit.avi',19642,'{\"owner\": \"Hadley Kris\"}',2,'2020-10-01 15:03:31','2021-02-17 19:28:27'),(93,34,'http://dropbox.net/vk/unde.avi',26975,'{\"owner\": \"Matilde Huels\"}',3,'2019-12-09 09:22:21','2021-02-17 19:28:27'),(94,57,'http://dropbox.net/vk/qui.jpeg',74951,'{\"owner\": \"Ophelia Metz\"}',1,'2011-12-15 21:32:01','2021-02-17 19:28:27'),(95,85,'http://dropbox.net/vk/assumenda.wav',92830,'{\"owner\": \"Kimberly Considine\"}',2,'2011-10-24 10:16:55','2021-02-17 19:19:03'),(96,53,'http://dropbox.net/vk/vel.wav',38295,'{\"owner\": \"Emmalee Abshire\"}',2,'2019-11-25 13:53:31','2021-02-17 19:19:03'),(97,8,'http://dropbox.net/vk/possimus.mpeg',11989,'{\"owner\": \"Matilda Runolfsson\"}',2,'2018-06-16 09:41:58','2021-02-17 19:28:27'),(98,81,'http://dropbox.net/vk/officia.mp3',44058,'{\"owner\": \"Mohamed Hills\"}',2,'2016-08-18 08:58:43','2021-02-17 19:19:03'),(99,82,'http://dropbox.net/vk/ut.mp3',83324,'{\"owner\": \"Ilene Funk\"}',2,'2020-04-21 03:45:29','2021-02-17 19:28:27'),(100,64,'http://dropbox.net/vk/impedit.mpeg',83446,'{\"owner\": \"Nathanael Greenfelder\"}',2,'2017-11-23 04:03:36','2021-02-17 19:19:03');
/*!40000 ALTER TABLE `media` ENABLE KEYS */;
UNLOCK TABLES;

--
-- Table structure for table `media_types`
--

DROP TABLE IF EXISTS `media_types`;
/*!40101 SET @saved_cs_client     = @@character_set_client */;
/*!50503 SET character_set_client = utf8mb4 */;
CREATE TABLE `media_types` (
  `id` int unsigned NOT NULL AUTO_INCREMENT,
  `name` varchar(255) CHARACTER SET utf8mb4 COLLATE utf8mb4_unicode_ci NOT NULL,
  `created_at` datetime DEFAULT CURRENT_TIMESTAMP,
  `updated_at` datetime DEFAULT CURRENT_TIMESTAMP ON UPDATE CURRENT_TIMESTAMP,
  PRIMARY KEY (`id`),
  UNIQUE KEY `name` (`name`)
) ENGINE=InnoDB AUTO_INCREMENT=4 DEFAULT CHARSET=utf8mb4 COLLATE=utf8mb4_unicode_ci;
/*!40101 SET character_set_client = @saved_cs_client */;

--
-- Dumping data for table `media_types`
--

LOCK TABLES `media_types` WRITE;
/*!40000 ALTER TABLE `media_types` DISABLE KEYS */;
INSERT INTO `media_types` VALUES (1,'photo','2021-02-17 19:25:52','2021-02-17 19:25:52'),(2,'video','2021-02-17 19:25:52','2021-02-17 19:25:52'),(3,'audio','2021-02-17 19:25:52','2021-02-17 19:25:52');
/*!40000 ALTER TABLE `media_types` ENABLE KEYS */;
UNLOCK TABLES;

--
-- Table structure for table `messages`
--

DROP TABLE IF EXISTS `messages`;
/*!40101 SET @saved_cs_client     = @@character_set_client */;
/*!50503 SET character_set_client = utf8mb4 */;
CREATE TABLE `messages` (
  `id` int unsigned NOT NULL AUTO_INCREMENT,
  `from_user_id` int unsigned NOT NULL,
  `to_user_id` int unsigned NOT NULL,
  `body` text CHARACTER SET utf8mb4 COLLATE utf8mb4_unicode_ci NOT NULL,
  `is_important` tinyint(1) DEFAULT NULL,
  `is_delivered` tinyint(1) DEFAULT NULL,
  `created_at` datetime DEFAULT CURRENT_TIMESTAMP,
  PRIMARY KEY (`id`)
) ENGINE=InnoDB AUTO_INCREMENT=101 DEFAULT CHARSET=utf8mb4 COLLATE=utf8mb4_unicode_ci;
/*!40101 SET character_set_client = @saved_cs_client */;

--
-- Dumping data for table `messages`
--

LOCK TABLES `messages` WRITE;
/*!40000 ALTER TABLE `messages` DISABLE KEYS */;
INSERT INTO `messages` VALUES (1,77,27,'It quite makes my forehead ache!\' Alice watched the White Rabbit as he spoke. \'UNimportant, of course, to begin again, it was the Cat again, sitting on the door opened inwards, and Alice\'s first.',1,0,'2017-11-17 05:47:57'),(2,10,67,'Queen, but she could do to hold it. As soon as look at it!\' This speech caused a remarkable sensation among the distant green leaves. As there seemed to think to herself, \'I wonder what they WILL do.',0,0,'2019-09-28 19:05:01'),(3,16,1,'Alice replied in an offended tone, \'so I should be free of them hit her in the kitchen that did not feel encouraged to ask the question?\' said the King. (The jury all wrote down all three dates on.',1,1,'2017-07-28 06:10:58'),(4,51,65,'Dinah, tell me your history, you know,\' said Alice, looking down with wonder at the Queen, and Alice, were in custody and under sentence of execution.\' \'What for?\' said Alice. \'I\'ve tried every way,.',0,1,'2015-11-28 10:14:38'),(5,7,19,'She took down a good deal: this fireplace is narrow, to be found: all she could do, lying down on one knee. \'I\'m a poor man,\' the Hatter said, tossing his head mournfully. \'Not I!\' said the Duck:.',1,1,'2016-02-20 18:21:19'),(6,80,38,'Come on!\' So they began solemnly dancing round and get in at the mouth with strings: into this they slipped the guinea-pig, head first, and then, \'we went to the puppy; whereupon the puppy made.',1,1,'2017-09-24 19:02:55'),(7,78,6,'Alice; not that she had gone through that day. \'That PROVES his guilt,\' said the March Hare meekly replied. \'Yes, but some crumbs must have been changed in the air. \'--as far out to her feet, for it.',1,1,'2017-03-30 09:20:17'),(8,49,89,'Gryphon is, look at them--\'I wish they\'d get the trial one way of speaking to a snail. \"There\'s a porpoise close behind her, listening: so she helped herself to about two feet high: even then she.',0,1,'2016-08-19 18:53:24'),(9,13,27,'I THINK,\' said Alice. \'Why, you don\'t even know what to say \'creatures,\' you see, as they all cheered. Alice thought this must be on the breeze that followed them, the melancholy words:-- \'Soo--oop.',0,0,'2018-05-21 11:45:13'),(10,15,80,'I shall have to whisper a hint to Time, and round goes the clock in a coaxing tone, and added with a little before she came upon a heap of sticks and dry leaves, and the pattern on their backs was.',0,0,'2016-02-08 17:03:58'),(11,37,51,'I suppose you\'ll be asleep again before it\'s done.\' \'Once upon a Gryphon, lying fast asleep in the lock, and to her that she had succeeded in bringing herself down to them, and the other side of the.',1,0,'2013-05-09 04:06:34'),(12,38,71,'Cheshire Cat,\' said Alice: \'I don\'t quite understand you,\' she said, \'and see whether it\'s marked \"poison\" or not\'; for she thought, \'it\'s sure to do it! Oh dear! I shall be a very short time the.',1,1,'2013-04-22 14:48:25'),(13,78,54,'Queen left off, quite out of his great wig.\' The judge, by the end of trials, \"There was some attempts at applause, which was the Rabbit say, \'A barrowful of WHAT?\' thought Alice to herself. At this.',1,0,'2020-08-30 21:31:26'),(14,74,77,'Alice, as she swam about, trying to invent something!\' \'I--I\'m a little anxiously. \'Yes,\' said Alice desperately: \'he\'s perfectly idiotic!\' And she began thinking over all she could guess, she was.',0,1,'2017-01-29 13:46:54'),(15,39,35,'Owl, as a drawing of a tree. By the use of repeating all that stuff,\' the Mock Turtle had just succeeded in curving it down \'important,\' and some were birds,) \'I suppose so,\' said Alice. \'I\'ve so.',0,1,'2020-11-09 15:35:06'),(16,73,78,'Oh dear! I shall be punished for it now, I suppose, by being drowned in my time, but never ONE with such a thing I ever heard!\' \'Yes, I think I can guess that,\' she added in an offended tone, and.',0,0,'2011-05-27 20:50:15'),(17,44,62,'For instance, if you only kept on good terms with him, he\'d do almost anything you liked with the Queen to play with, and oh! ever so many tea-things are put out here?\' she asked. \'Yes, that\'s it,\'.',0,0,'2017-10-13 18:01:13'),(18,4,51,'I think--\' (for, you see, Alice had got its head to hide a smile: some of them didn\'t know it to speak with. Alice waited a little, and then she remembered how small she was as much use in.',0,0,'2014-10-03 23:22:57'),(19,86,63,'King, \'and don\'t be particular--Here, Bill! catch hold of anything, but she knew she had not as yet had any dispute with the strange creatures of her voice. Nobody moved. \'Who cares for you?\' said.',1,1,'2014-04-12 02:30:07'),(20,16,79,'YOU sing,\' said the Queen, \'and he shall tell you more than that, if you don\'t explain it as far as they were lying round the refreshments!\' But there seemed to be sure; but I shall be late!\' (when.',1,0,'2014-11-25 08:10:42'),(21,21,13,'Alice caught the flamingo and brought it back, the fight was over, and both the hedgehogs were out of the baby?\' said the Gryphon: and Alice heard the Queen in a very curious to know when the Rabbit.',1,0,'2017-04-07 00:35:04'),(22,59,40,'Oh dear! I shall be a lesson to you to sit down without being invited,\' said the Duchess: \'and the moral of that is--\"Birds of a candle is like after the candle is like after the others. \'We must.',0,0,'2015-01-24 01:11:04'),(23,32,39,'She is such a neck as that! No, no! You\'re a serpent; and there\'s no use in crying like that!\' But she waited patiently. \'Once,\' said the Duchess; \'I never said I didn\'t!\' interrupted Alice. \'You.',0,1,'2015-03-04 20:59:39'),(24,83,12,'So Alice began to repeat it, when a sharp hiss made her so savage when they hit her; and the little dears came jumping merrily along hand in hand, in couples: they were getting so far off). \'Oh, my.',0,1,'2013-03-31 09:06:46'),(25,18,31,'Alice was just in time to wash the things being alive; for instance, there\'s the arch I\'ve got to do,\' said Alice in a twinkling! Half-past one, time for dinner!\' (\'I only wish they COULD! I\'m sure.',1,0,'2019-12-03 11:06:52'),(26,41,68,'However, \'jury-men\' would have done that?\' she thought. \'But everything\'s curious today. I think I could, if I only knew how to begin.\' He looked anxiously over his shoulder as she could, for the.',0,0,'2015-07-25 06:00:30'),(27,51,68,'King. Here one of the water, and seemed to have got into a pig, and she drew herself up closer to Alice\'s great surprise, the Duchess\'s knee, while plates and dishes crashed around it--once more the.',0,0,'2018-04-25 14:07:24'),(28,31,21,'Hardly knowing what she did, she picked her way through the doorway; \'and even if I shall be punished for it now, I suppose, by being drowned in my life!\' She had quite a large pigeon had flown into.',1,1,'2019-11-14 23:02:36'),(29,100,87,'Five, who had followed him into the court, \'Bring me the truth: did you manage to do this, so she went down to her very much what would be like, \'--for they haven\'t got much evidence YET,\' she said.',1,1,'2011-12-19 09:48:02'),(30,7,40,'Alice desperately: \'he\'s perfectly idiotic!\' And she squeezed herself up closer to Alice\'s great surprise, the Duchess\'s knee, while plates and dishes crashed around it--once more the shriek of the.',0,0,'2018-09-26 13:20:04'),(31,33,65,'He only does it matter to me whether you\'re nervous or not.\' \'I\'m a poor man,\' the Hatter began, in rather a hard word, I will just explain to you to sit down without being invited,\' said the.',1,0,'2020-09-04 01:55:49'),(32,46,24,'I was going on, as she spoke. (The unfortunate little Bill had left off quarrelling with the glass table as before, \'and things are worse than ever,\' thought the poor animal\'s feelings. \'I quite.',0,0,'2019-12-17 14:54:00'),(33,31,34,'And she tried hard to whistle to it; but she ran off at once: one old Magpie began wrapping itself up and down looking for the rest were quite dry again, the cook and the Dormouse began in a voice.',1,1,'2015-03-04 16:33:10'),(34,15,37,'Alice, quite forgetting in the distance, and she could have told you butter wouldn\'t suit the works!\' he added in an offended tone. And the moral of that dark hall, and close to her in such a nice.',1,1,'2012-01-07 10:58:29'),(35,84,32,'However, the Multiplication Table doesn\'t signify: let\'s try Geography. London is the driest thing I ask! It\'s always six o\'clock now.\' A bright idea came into Alice\'s shoulder as she tucked it away.',1,1,'2016-06-26 10:07:48'),(36,73,52,'Mouse replied rather impatiently: \'any shrimp could have told you butter wouldn\'t suit the works!\' he added in an encouraging opening for a minute or two, looking for the baby, and not to be ashamed.',0,0,'2018-11-08 17:09:08'),(37,12,21,'Alice. \'Then it doesn\'t mind.\' The table was a paper label, with the bread-and-butter getting so thin--and the twinkling of the accident, all except the Lizard, who seemed to Alice severely. \'What.',1,1,'2013-11-15 18:17:33'),(38,42,85,'Hatter, and, just as well. The twelve jurors were writing down \'stupid things!\' on their slates, and she set to work, and very soon had to run back into the Dormouse\'s place, and Alice rather.',1,1,'2019-10-03 00:45:13'),(39,72,32,'March Hare said in a furious passion, and went stamping about, and shouting \'Off with his head!\' she said, as politely as she could. \'The game\'s going on within--a constant howling and sneezing, and.',1,0,'2011-10-18 22:57:17'),(40,33,63,'Nile On every golden scale! \'How cheerfully he seems to grin, How neatly spread his claws, And welcome little fishes in With gently smiling jaws!\' \'I\'m sure those are not the smallest idea how to.',1,1,'2011-05-08 09:20:40'),(41,49,83,'Footman went on again:-- \'You may not have lived much under the sea--\' (\'I haven\'t,\' said Alice)--\'and perhaps you haven\'t found it made no mark; but he now hastily began again, using the ink, that.',0,0,'2014-12-16 21:25:40'),(42,44,53,'Once more she found that it made Alice quite hungry to look down and make one repeat lessons!\' thought Alice; \'I might as well wait, as she ran; but the Hatter went on so long since she had been for.',0,0,'2019-11-17 22:07:49'),(43,74,12,'CHAPTER III. A Caucus-Race and a fall, and a Dodo, a Lory and an Eaglet, and several other curious creatures. Alice led the way, and then they both sat silent for a little queer, won\'t you?\' \'Not a.',1,0,'2013-06-12 11:58:01'),(44,38,20,'I think I may as well be at school at once.\' However, she soon made out that it was all ridges and furrows; the balls were live hedgehogs, the mallets live flamingoes, and the words \'EAT ME\' were.',1,0,'2012-12-16 20:12:28'),(45,65,63,'Alice did not sneeze, were the verses to himself: \'\"WE KNOW IT TO BE TRUE--\" that\'s the jury, in a large dish of tarts upon it: they looked so good, that it would be quite as much use in waiting by.',1,0,'2015-11-21 07:58:17'),(46,11,38,'Alice, \'they\'re sure to happen,\' she said this, she was about a whiting to a mouse, you know. But do cats eat bats? Do cats eat bats?\' and sometimes, \'Do bats eat cats?\' for, you see, so many.',0,1,'2013-10-05 18:32:33'),(47,62,96,'Gryphon, before Alice could hardly hear the Rabbit say, \'A barrowful will do, to begin with.\' \'A barrowful will do, to begin lessons: you\'d only have to turn into a large canvas bag, which tied up.',0,0,'2013-08-27 02:23:01'),(48,75,82,'Tarts? The King and the game was going to turn round on its axis--\' \'Talking of axes,\' said the Dormouse: \'not in that case I can do without lobsters, you know. Come on!\' \'Everybody says \"come on!\".',0,0,'2017-10-24 22:11:47'),(49,87,49,'No accounting for tastes! Sing her \"Turtle Soup,\" will you, won\'t you, won\'t you, will you join the dance. Would not, could not stand, and she very good-naturedly began hunting about for them, and.',0,1,'2013-08-11 05:33:07'),(50,10,25,'A little bright-eyed terrier, you know, with oh, such long curly brown hair! And it\'ll fetch things when you throw them, and he hurried off. Alice thought over all she could not stand, and she ran.',0,0,'2013-10-29 22:31:02'),(51,91,34,'Alice whispered to the other: the only difficulty was, that if something wasn\'t done about it while the rest of the court, \'Bring me the truth: did you ever eat a little of it?\' said the Mock.',0,1,'2015-01-01 03:24:49'),(52,21,54,'Alice took up the chimney, has he?\' said Alice angrily. \'It wasn\'t very civil of you to set about it; if I\'m not the right word) \'--but I shall ever see you any more!\' And here poor Alice began to.',0,1,'2012-12-14 21:46:02'),(53,34,90,'The Mock Turtle\'s Story \'You can\'t think how glad I am very tired of sitting by her sister on the bank, with her head was so much at first, but, after watching it a little pattering of footsteps in.',1,1,'2020-08-02 17:57:08'),(54,6,6,'Gryphon, and the moon, and memory, and muchness--you know you say things are \"much of a book,\' thought Alice \'without pictures or conversations in it, and then dipped suddenly down, so suddenly that.',1,1,'2013-08-16 23:45:55'),(55,28,64,'Alice said very politely, \'for I never heard it before,\' said the Cat, as soon as she had forgotten the words.\' So they got their tails in their paws. \'And how many miles I\'ve fallen by this time.).',1,1,'2015-11-12 13:11:19'),(56,23,25,'I\'ll get into that lovely garden. I think it would be as well look and see how the Dodo could not help thinking there MUST be more to be two people! Why, there\'s hardly room for YOU, and no more to.',0,0,'2016-09-06 21:58:15'),(57,30,86,'Rabbit say to this: so she helped herself to some tea and bread-and-butter, and then she noticed that one of the Lobster; I heard him declare, \"You have baked me too brown, I must have been a.',1,1,'2021-01-19 20:26:23'),(58,78,95,'White Rabbit interrupted: \'UNimportant, your Majesty means, of course,\' the Dodo solemnly, rising to its feet, ran round the court with a whiting. Now you know.\' \'Not at first, but, after watching.',1,0,'2019-12-09 19:34:00'),(59,1,44,'While the Duchess by this time). \'Don\'t grunt,\' said Alice; \'living at the top of his great wig.\' The judge, by the Hatter, who turned pale and fidgeted. \'Give your evidence,\' said the Caterpillar..',0,0,'2015-07-07 04:09:53'),(60,70,7,'She was walking by the pope, was soon left alone. \'I wish I hadn\'t to bring but one; Bill\'s got the other--Bill! fetch it here, lad!--Here, put \'em up at the window, and on both sides of the.',1,0,'2012-02-26 15:07:21'),(61,48,14,'YOU?\' said the Duchess: \'and the moral of that is--\"The more there is of yours.\"\' \'Oh, I know!\' exclaimed Alice, who always took a minute or two, she made out that the best thing to eat or drink.',1,0,'2016-04-08 22:08:33'),(62,30,40,'I\'ve got to the door. \'Call the first figure,\' said the King very decidedly, and the Dormouse turned out, and, by the Queen was to find quite a crowd of little birds and animals that had slipped in.',1,0,'2019-09-06 10:22:07'),(63,3,79,'Dormouse said--\' the Hatter instead!\' CHAPTER VII. A Mad Tea-Party There was a real nose; also its eyes by this very sudden change, but she had found the fan and two or three times over to the.',1,1,'2017-03-17 01:16:28'),(64,25,29,'An enormous puppy was looking about for some time without hearing anything more: at last came a rumbling of little Alice was not easy to take out of the evening, beautiful Soup! Soup of the.',0,1,'2013-07-31 05:21:34'),(65,14,17,'However, I\'ve got to go down the middle, being held up by a row of lodging houses, and behind it when she looked up, and reduced the answer to shillings and pence. \'Take off your hat,\' the King said.',0,1,'2017-11-01 07:04:26'),(66,96,6,'Alice could bear: she got up, and there was nothing on it in a melancholy tone. \'Nobody seems to suit them!\' \'I haven\'t the least notice of her own mind (as well as she added, \'and the moral of that.',1,1,'2014-07-21 22:07:26'),(67,35,4,'WHAT?\' thought Alice; but she remembered the number of executions the Queen was to eat or drink under the circumstances. There was a different person then.\' \'Explain all that,\' said the Mouse heard.',1,0,'2014-02-21 05:08:56'),(68,90,41,'Duchess, \'as pigs have to whisper a hint to Time, and round goes the clock in a dreamy sort of way to change the subject of conversation. While she was quite surprised to find that the hedgehog had.',1,1,'2018-12-25 23:57:52'),(69,44,33,'Caterpillar. Alice said nothing; she had forgotten the Duchess sang the second thing is to do it.\' (And, as you go on? It\'s by far the most important piece of rudeness was more hopeless than ever:.',0,0,'2015-08-18 07:47:23'),(70,47,78,'Hatter: and in another moment down went Alice after it, never once considering how in the face. \'I\'ll put a stop to this,\' she said to herself, and once again the tiny hands were clasped upon her.',0,1,'2018-06-16 19:05:16'),(71,5,87,'Five, in a low, hurried tone. He looked at Alice, as she could see it pop down a good opportunity for repeating his remark, with variations. \'I shall sit here,\' the Footman continued in the middle,.',1,0,'2013-08-23 16:38:52'),(72,83,90,'Seaography: then Drawling--the Drawling-master was an old conger-eel, that used to call him Tortoise--\' \'Why did you ever saw. How she longed to change the subject. \'Go on with the bread-and-butter.',0,0,'2011-12-01 13:31:53'),(73,100,27,'I\'M a Duchess,\' she said to herself, \'Why, they\'re only a pack of cards!\' At this moment the door between us. For instance, if you could keep it to be sure; but I shall think nothing of tumbling.',0,1,'2016-05-28 05:41:40'),(74,51,2,'Mock Turtle persisted. \'How COULD he turn them out of the jurymen. \'It isn\'t mine,\' said the Mock Turtle went on. Her listeners were perfectly quiet till she shook the house, \"Let us both go to law:.',1,1,'2012-04-24 19:02:36'),(75,55,75,'Will you, won\'t you join the dance. Will you, won\'t you, will you, won\'t you, will you, won\'t you, will you join the dance? Will you, won\'t you, will you, won\'t you, will you, old fellow?\' The Mock.',1,1,'2020-07-05 19:02:31'),(76,19,1,'At last the Mock Turtle replied in a low, weak voice. \'Now, I give you fair warning,\' shouted the Queen added to one of the suppressed guinea-pigs, filled the air, mixed up with the glass table and.',0,0,'2012-03-04 16:54:28'),(77,29,85,'Alice, and she swam lazily about in the world you fly, Like a tea-tray in the distance, and she was losing her temper. \'Are you content now?\' said the Mock Turtle. \'Certainly not!\' said Alice.',1,0,'2012-10-12 02:32:09'),(78,89,86,'Edwin and Morcar, the earls of Mercia and Northumbria--\"\' \'Ugh!\' said the King. Here one of the Rabbit\'s voice; and the March Hare said to herself, in a tone of delight, and rushed at the thought.',1,0,'2017-04-06 16:48:03'),(79,58,65,'Her first idea was that you had been broken to pieces. \'Please, then,\' said Alice, seriously, \'I\'ll have nothing more happened, she decided on going into the air. She did not like the tone of great.',0,1,'2015-12-17 01:54:10'),(80,20,41,'Queen was silent. The Dormouse had closed its eyes were nearly out of that is--\"Birds of a water-well,\' said the Hatter. \'Nor I,\' said the Duchess, \'and that\'s the jury, in a fight with another.',1,1,'2015-08-19 22:00:47'),(81,28,32,'That he met in the sky. Twinkle, twinkle--\"\' Here the Dormouse went on, turning to Alice. \'Only a thimble,\' said Alice in a pleased tone. \'Pray don\'t trouble yourself to say it any longer than.',1,1,'2014-10-13 10:46:26'),(82,79,77,'Our family always HATED cats: nasty, low, vulgar things! Don\'t let me hear the rattle of the jurymen. \'No, they\'re not,\' said the Mock Turtle. \'Seals, turtles, salmon, and so on.\' \'What a curious.',0,1,'2017-08-17 04:19:25'),(83,9,52,'Next came the guests, mostly Kings and Queens, and among them Alice recognised the White Rabbit blew three blasts on the floor, as it can\'t possibly make me larger, it must be the best cat in the.',1,0,'2017-06-07 20:26:07'),(84,9,92,'VERY deeply with a kind of rule, \'and vinegar that makes the world she was surprised to find herself talking familiarly with them, as if he would not allow without knowing how old it was, even.',0,1,'2020-09-07 05:33:50'),(85,15,61,'Alice could hear the words:-- \'I speak severely to my boy, I beat him when he pleases!\' CHORUS. \'Wow! wow! wow!\' \'Here! you may nurse it a violent blow underneath her chin: it had come to the law,.',1,1,'2013-11-03 06:33:16'),(86,51,79,'For really this morning I\'ve nothing to what I should say \"With what porpoise?\"\' \'Don\'t you mean \"purpose\"?\' said Alice. \'I\'m a--I\'m a--\' \'Well! WHAT are you?\' said the King, with an M?\' said Alice..',1,0,'2016-03-24 02:00:50'),(87,7,4,'Bill, I fancy--Who\'s to go near the King said, turning to the other guinea-pig cheered, and was going to give the hedgehog had unrolled itself, and began by producing from under his arm a great.',0,1,'2015-08-07 19:39:00'),(88,80,92,'I know is, something comes at me like that!\' \'I couldn\'t afford to learn it.\' said the Gryphon. \'Do you mean that you think you can have no notion how long ago anything had happened.) So she set off.',0,0,'2014-10-03 13:23:15'),(89,81,61,'I didn\'t know it was done. They had a little bottle that stood near. The three soldiers wandered about for a little way off, panting, with its head, it WOULD twist itself round and swam slowly back.',1,1,'2016-10-09 08:34:30'),(90,62,30,'First, because I\'m on the OUTSIDE.\' He unfolded the paper as he spoke, and then nodded. \'It\'s no use now,\' thought poor Alice, \'when one wasn\'t always growing larger and smaller, and being so many.',1,1,'2015-10-18 02:47:58'),(91,69,78,'Queen merely remarking that a red-hot poker will burn you if you only kept on puzzling about it just missed her. Alice caught the flamingo and brought it back, the fight was over, and she tried to.',0,0,'2012-08-24 11:48:17'),(92,58,82,'I shall be punished for it was done. They had not noticed before, and behind it was YOUR table,\' said Alice; \'but when you have to turn into a cucumber-frame, or something of the jurymen. \'It isn\'t.',1,1,'2013-11-19 03:35:32'),(93,84,13,'Where CAN I have none, Why, I wouldn\'t say anything about it, and behind them a railway station.) However, she got to see anything; then she heard one of the treat. When the procession moved on,.',1,1,'2011-12-26 10:32:41'),(94,43,6,'Gryphon whispered in reply, \'for fear they should forget them before the officer could get away without being invited,\' said the Hatter; \'so I should say \"With what porpoise?\"\' \'Don\'t you mean.',0,0,'2018-04-23 02:12:18'),(95,63,30,'Alice, \'because I\'m not looking for them, and considered a little timidly, for she had this fit) An obstacle that came between Him, and ourselves, and it. Don\'t let him know she liked them best, For.',0,1,'2012-08-06 04:38:37'),(96,85,52,'Sir, With no jury or judge, would be very likely true.) Down, down, down. There was nothing else to do, so Alice ventured to say. \'What is it?\' he said. \'Fifteenth,\' said the Lory, who at last she.',0,1,'2015-07-20 18:09:35'),(97,35,31,'Alice said to the door, and the Hatter were having tea at it: a Dormouse was sitting on the glass table and the words have got altered.\' \'It is a long silence after this, and Alice rather.',1,0,'2013-07-12 00:06:43'),(98,18,49,'Alice could not think of what sort it was) scratching and scrambling about in all directions, tumbling up against each other; however, they got thrown out to her that she began nursing her child.',1,0,'2016-11-10 20:49:37'),(99,87,21,'Dodo replied very politely, \'if I had it written down: but I THINK I can do without lobsters, you know. Come on!\' So they began solemnly dancing round and swam slowly back again, and Alice heard it.',0,0,'2016-04-18 05:03:41'),(100,81,53,'And she opened the door that led into a large plate came skimming out, straight at the great hall, with the Queen was to twist it up into a sort of meaning in it.\' The jury all looked so grave and.',1,1,'2019-12-05 17:27:36');
/*!40000 ALTER TABLE `messages` ENABLE KEYS */;
UNLOCK TABLES;

--
-- Table structure for table `profiles`
--

DROP TABLE IF EXISTS `profiles`;
/*!40101 SET @saved_cs_client     = @@character_set_client */;
/*!50503 SET character_set_client = utf8mb4 */;
CREATE TABLE `profiles` (
  `user_id` int unsigned NOT NULL,
  `gender` char(1) CHARACTER SET utf8mb4 COLLATE utf8mb4_unicode_ci NOT NULL,
  `birthday` date DEFAULT NULL,
  `city` varchar(130) CHARACTER SET utf8mb4 COLLATE utf8mb4_unicode_ci DEFAULT NULL,
  `country` varchar(130) CHARACTER SET utf8mb4 COLLATE utf8mb4_unicode_ci DEFAULT NULL,
  `last_login` datetime DEFAULT NULL,
  `created_at` datetime DEFAULT CURRENT_TIMESTAMP,
  `updated_at` datetime DEFAULT CURRENT_TIMESTAMP ON UPDATE CURRENT_TIMESTAMP,
  PRIMARY KEY (`user_id`)
) ENGINE=InnoDB DEFAULT CHARSET=utf8mb4 COLLATE=utf8mb4_unicode_ci;
/*!40101 SET character_set_client = @saved_cs_client */;

--
-- Dumping data for table `profiles`
--

LOCK TABLES `profiles` WRITE;
/*!40000 ALTER TABLE `profiles` DISABLE KEYS */;
INSERT INTO `profiles` VALUES (1,'w','2018-07-31','Tysonview','Portugal','2021-02-17 19:01:30','2019-07-31 01:04:34','2021-02-17 19:01:30'),(2,'m','2012-09-14','West Marachester','New Zealand','2014-12-14 19:18:50','2013-01-27 23:48:35','2020-12-01 07:47:18'),(3,'m','2015-10-09','South Loma','Saint Barthelemy','2021-02-17 19:01:30','2014-06-24 12:59:09','2021-02-17 19:01:30'),(4,'m','2011-07-21','Port Miguel','Indonesia','2021-02-17 19:01:30','2019-01-08 04:19:43','2021-02-17 19:01:30'),(5,'m','2014-10-13','Abshireview','Burkina Faso','2018-09-05 13:30:16','2011-12-23 13:35:15','2012-11-21 03:52:23'),(6,'w','2011-03-22','New Ernaville','Indonesia','2017-02-24 20:47:06','2014-11-30 02:14:07','2016-08-22 04:14:22'),(7,'m','2017-08-24','South Jordyn','Niue','2021-02-17 19:01:30','2015-07-20 23:02:47','2021-02-17 19:01:30'),(8,'m','2014-11-05','New Clark','Tanzania','2018-07-02 00:20:11','2012-01-23 21:54:00','2014-08-03 14:31:16'),(9,'m','2019-12-31','Arielbury','Brunei Darussalam','2021-02-17 19:01:30','2016-05-18 09:39:31','2021-02-17 19:01:30'),(10,'m','2016-08-10','Lake Coltberg','Iraq','2021-02-17 19:01:30','2017-07-09 10:33:31','2021-02-17 19:01:30'),(11,'w','2015-09-25','Tellyview','Swaziland','2021-01-30 13:14:48','2013-02-09 19:14:34','2020-09-23 16:16:40'),(12,'w','2019-12-08','Tierrastad','Romania','2020-02-25 14:55:55','2019-12-11 11:17:19','2021-02-17 19:01:35'),(13,'w','2020-12-13','Sylvanstad','Solomon Islands','2012-08-06 16:22:51','2012-07-12 19:44:48','2016-02-22 03:08:36'),(14,'m','2019-03-05','Felicitaborough','Marshall Islands','2021-02-17 19:01:30','2020-09-05 00:00:09','2021-02-17 19:01:30'),(15,'w','2018-05-04','Feilbury','Sao Tome and Principe','2018-01-09 18:40:25','2012-01-30 09:32:10','2019-03-06 10:48:36'),(16,'w','2012-02-01','Port Fannieshire','Cape Verde','2019-02-16 00:06:00','2012-02-01 20:52:22','2021-02-17 19:01:35'),(17,'m','2015-12-01','Lake Gwen','Kazakhstan','2020-06-18 13:16:55','2018-03-06 15:51:45','2020-10-06 19:11:21'),(18,'m','2016-12-31','South Brianne','Guinea','2021-02-17 19:01:30','2014-11-09 01:23:59','2021-02-17 19:01:30'),(19,'w','2020-11-22','Gradyport','Cocos (Keeling) Islands','2020-12-15 09:07:04','2018-05-31 16:01:29','2021-02-17 19:01:35'),(20,'m','2011-04-18','Reubenshire','Nauru','2021-02-17 19:01:30','2014-02-09 14:00:21','2021-02-17 19:01:30'),(21,'m','2019-09-02','North Eddstad','Saint Pierre and Miquelon','2021-02-17 19:01:30','2015-03-15 09:50:53','2021-02-17 19:01:30'),(22,'m','2020-09-30','Moorebury','Canada','2021-02-17 19:01:30','2015-06-13 13:11:02','2021-02-17 19:01:30'),(23,'w','2014-11-08','South Vernice','Christmas Island','2021-02-17 19:01:30','2017-11-20 02:43:28','2021-02-17 19:01:30'),(24,'m','2019-12-29','Port Lenoreport','Seychelles','2021-02-17 19:01:30','2018-06-25 01:30:42','2021-02-17 19:01:30'),(25,'m','2018-10-26','Turnerside','Liechtenstein','2020-07-18 18:05:25','2013-11-06 02:08:09','2018-07-05 19:46:36'),(26,'w','2018-09-20','Dillanport','Chile','2021-02-17 19:01:30','2019-09-03 18:23:54','2021-02-17 19:01:30'),(27,'m','2017-07-28','Lake Judah','Peru','2021-02-17 19:01:30','2018-11-03 09:46:25','2021-02-17 19:01:30'),(28,'w','2014-04-26','Devantemouth','Burkina Faso','2019-08-06 13:42:04','2013-04-12 17:55:30','2014-02-23 12:20:48'),(29,'m','2014-11-05','Schmidtview','Trinidad and Tobago','2021-02-17 19:01:30','2014-08-12 06:57:35','2021-02-17 19:01:30'),(30,'w','2012-08-18','Lake Rosemaryfurt','Montenegro','2020-07-24 07:20:49','2016-08-21 15:38:53','2021-02-17 19:01:35'),(31,'m','2014-07-19','Brennanfurt','Qatar','2017-05-20 05:11:52','2014-07-26 19:56:06','2021-02-17 19:01:35'),(32,'w','2018-05-04','East Evert','Lithuania','2021-02-17 19:01:30','2015-02-25 10:58:46','2021-02-17 19:01:30'),(33,'w','2020-01-19','South Tianafurt','Cape Verde','2019-10-25 22:00:14','2019-08-14 13:23:14','2021-02-17 19:01:35'),(34,'m','2020-09-12','Kassulkehaven','Montserrat','2021-01-31 18:53:27','2016-05-30 08:28:21','2021-02-17 19:01:35'),(35,'w','2013-10-22','Feilhaven','Holy See (Vatican City State)','2021-02-17 19:01:30','2018-07-24 21:36:27','2021-02-17 19:01:30'),(36,'w','2014-05-18','East Angel','Central African Republic','2019-11-03 11:06:30','2018-07-13 22:10:06','2021-02-17 19:01:35'),(37,'m','2016-09-26','West Carolyn','Niue','2021-02-17 19:01:30','2014-11-21 02:08:35','2021-02-17 19:01:30'),(38,'w','2015-06-29','Germanburgh','Romania','2021-02-17 19:01:30','2019-05-08 22:16:58','2021-02-17 19:01:30'),(39,'m','2019-08-15','New Kiera','Liechtenstein','2018-09-06 01:52:30','2013-02-22 11:14:45','2021-02-17 19:01:35'),(40,'m','2017-09-23','Port Burniceburgh','Montenegro','2016-10-28 13:22:28','2016-01-06 02:00:02','2016-09-14 11:56:37'),(41,'m','2016-11-05','Martinaville','Brazil','2021-02-17 19:01:30','2017-03-08 18:26:58','2021-02-17 19:01:30'),(42,'w','2015-07-05','Turcottefort','Gibraltar','2013-06-08 12:44:43','2012-12-14 16:19:28','2017-09-27 23:16:55'),(43,'m','2018-09-01','Daughertyfurt','Kazakhstan','2021-02-17 19:01:30','2020-04-30 08:52:58','2021-02-17 19:01:30'),(44,'w','2015-02-09','Lake Otiliafort','Cote d\'Ivoire','2021-02-17 19:01:30','2013-05-31 19:04:04','2021-02-17 19:01:30'),(45,'w','2019-12-05','East Alexandraland','Senegal','2021-02-17 19:01:30','2019-06-10 20:57:00','2021-02-17 19:01:30'),(46,'m','2013-02-19','Cielofurt','Australia','2018-11-03 01:17:30','2014-08-04 22:36:01','2019-11-18 04:45:08'),(47,'m','2015-04-21','Handfort','Israel','2020-04-16 03:27:30','2011-07-09 13:41:48','2017-11-18 00:11:46'),(48,'w','2015-05-18','Winonaton','Antarctica (the territory South of 60 deg S)','2021-02-17 19:01:30','2013-07-17 15:25:30','2021-02-17 19:01:30'),(49,'m','2020-10-18','Gerlachstad','Kazakhstan','2021-02-17 19:01:30','2016-09-08 13:05:29','2021-02-17 19:01:30'),(50,'w','2013-09-24','Langmouth','Eritrea','2021-02-17 19:01:30','2017-04-11 13:33:05','2021-02-17 19:01:30'),(51,'w','2015-03-05','Shieldsside','Wallis and Futuna','2018-05-18 02:54:28','2017-11-24 04:42:42','2021-02-17 19:01:35'),(52,'m','2019-07-08','West Stephany','Armenia','2021-02-17 19:01:30','2020-05-24 12:55:10','2021-02-17 19:01:30'),(53,'w','2017-08-23','Marquestown','Tokelau','2021-02-17 19:01:30','2019-04-21 23:07:47','2021-02-17 19:01:30'),(54,'w','2019-05-30','Ruthiestad','Saint Lucia','2017-11-15 09:41:13','2014-07-19 07:53:04','2021-02-17 19:01:35'),(55,'m','2011-12-18','South Vicente','United States of America','2021-02-17 19:01:30','2018-03-07 20:39:26','2021-02-17 19:01:30'),(56,'w','2015-03-27','Herzogshire','Saint Pierre and Miquelon','2016-01-31 02:20:48','2014-03-15 18:46:55','2018-01-23 00:42:42'),(57,'w','2018-05-01','Hyattburgh','Christmas Island','2018-12-16 21:08:02','2013-04-15 06:31:05','2013-11-10 15:49:26'),(58,'m','2014-12-16','New Jackie','Sweden','2021-02-17 19:01:30','2017-04-05 10:20:46','2021-02-17 19:01:30'),(59,'m','2016-10-14','Jarvisside','Zimbabwe','2019-10-09 08:41:05','2013-02-16 14:13:04','2016-08-29 12:42:19'),(60,'w','2018-12-19','South Rhea','Korea','2021-02-17 19:01:30','2016-07-01 00:23:44','2021-02-17 19:01:30'),(61,'m','2020-04-21','Hahnside','Guinea','2021-02-17 19:01:30','2015-06-14 15:37:06','2021-02-17 19:01:30'),(62,'w','2018-07-16','Skilesbury','Korea','2021-02-17 19:01:30','2019-06-12 14:45:34','2021-02-17 19:01:30'),(63,'w','2018-01-06','East Rogerton','Hong Kong','2021-02-17 19:01:30','2014-09-18 23:03:48','2021-02-17 19:01:30'),(64,'w','2018-11-17','West Immanuelchester','Mayotte','2015-01-03 05:40:34','2011-09-05 01:48:24','2016-03-31 15:25:09'),(65,'w','2020-04-25','Sporermouth','Indonesia','2019-11-30 14:31:50','2014-05-04 02:41:39','2019-11-17 21:22:31'),(66,'w','2013-10-23','Port Kristianburgh','Palau','2021-02-17 19:01:30','2019-11-18 19:34:22','2021-02-17 19:01:30'),(67,'w','2013-02-14','Port Charley','Turkmenistan','2021-02-17 19:01:30','2016-09-14 22:26:52','2021-02-17 19:01:30'),(68,'w','2015-12-10','Larsontown','Solomon Islands','2021-02-17 19:01:30','2017-12-24 04:06:56','2021-02-17 19:01:30'),(69,'m','2020-12-26','West Pricemouth','Tanzania','2021-02-17 19:01:30','2020-02-06 19:56:13','2021-02-17 19:01:30'),(70,'m','2019-12-04','East Genevieve','Saint Vincent and the Grenadines','2021-02-17 19:01:30','2021-01-29 17:30:00','2021-02-17 19:01:30'),(71,'m','2020-09-09','Littleburgh','Cocos (Keeling) Islands','2021-02-17 19:01:30','2016-08-02 09:21:29','2021-02-17 19:01:30'),(72,'m','2015-10-05','East Santino','Guinea','2021-02-17 19:01:30','2019-08-11 03:34:29','2021-02-17 19:01:30'),(73,'w','2015-03-10','New Maximilian','Czech Republic','2021-02-17 19:01:30','2020-10-26 17:46:28','2021-02-17 19:01:30'),(74,'w','2017-06-24','North Alysonside','Svalbard & Jan Mayen Islands','2019-08-19 00:22:31','2012-06-16 07:21:57','2015-11-11 01:17:45'),(75,'m','2020-08-17','Boscoside','Suriname','2021-02-17 19:01:30','2016-05-29 17:22:20','2021-02-17 19:01:30'),(76,'m','2011-06-03','Port Connor','Syrian Arab Republic','2015-07-17 23:38:18','2014-04-28 01:07:26','2021-02-17 19:01:35'),(77,'w','2014-04-23','Aminastad','Georgia','2014-10-20 12:49:24','2014-03-23 10:58:04','2021-02-17 19:01:35'),(78,'w','2019-06-03','Olgabury','French Polynesia','2021-02-17 19:01:30','2018-01-05 22:41:29','2021-02-17 19:01:30'),(79,'w','2015-09-12','West Alexanne','Moldova','2018-12-27 05:50:17','2013-11-20 20:23:55','2021-02-17 19:01:35'),(80,'w','2016-04-05','Lake Sydnee','Luxembourg','2019-10-17 14:24:12','2016-02-28 02:44:44','2021-02-17 19:01:35'),(81,'w','2019-08-02','West Oralfurt','Sudan','2019-12-30 17:47:40','2017-12-27 21:16:27','2021-02-17 19:01:35'),(82,'w','2011-10-16','Schaefershire','Malta','2021-02-17 19:01:30','2016-10-09 14:37:10','2021-02-17 19:01:30'),(83,'w','2012-06-02','East Boside','Niue','2021-02-17 19:01:30','2015-01-30 20:33:50','2021-02-17 19:01:30'),(84,'w','2012-01-20','East Felicitahaven','Bulgaria','2021-02-17 19:01:30','2016-04-06 12:06:40','2021-02-17 19:01:30'),(85,'m','2011-06-13','Hellerton','Ethiopia','2021-02-17 19:01:30','2020-06-25 06:49:57','2021-02-17 19:01:30'),(86,'m','2017-04-25','New Koryburgh','American Samoa','2014-05-06 17:21:02','2011-08-23 03:08:10','2012-02-23 08:26:31'),(87,'m','2017-07-02','Lake Luisashire','Bhutan','2021-02-17 19:01:30','2017-09-09 09:31:59','2021-02-17 19:01:30'),(88,'m','2016-08-04','North Teresaberg','Anguilla','2019-01-12 02:20:34','2015-03-08 09:53:25','2016-12-01 17:24:53'),(89,'w','2020-08-23','Abbotttown','United Kingdom','2018-05-02 20:11:16','2011-10-14 16:05:50','2015-01-02 14:20:06'),(90,'m','2016-11-13','Bernhardshire','Argentina','2021-02-17 19:01:30','2021-01-24 20:33:15','2021-02-17 19:01:30'),(91,'m','2019-07-31','Williamsonmouth','Latvia','2016-06-21 19:48:28','2014-10-16 04:06:56','2021-02-17 19:01:35'),(92,'m','2019-05-15','North Darontown','United Arab Emirates','2021-02-17 19:01:30','2015-02-06 22:53:57','2021-02-17 19:01:30'),(93,'m','2013-05-23','Hellerville','Bolivia','2021-02-17 19:01:30','2014-07-08 16:57:26','2021-02-17 19:01:30'),(94,'w','2019-11-29','Port Austyn','Mali','2020-04-06 22:59:01','2014-08-10 10:51:17','2014-11-24 10:28:09'),(95,'w','2016-01-26','East Emiliefort','Saint Martin','2018-09-12 02:57:07','2012-09-11 00:28:10','2021-02-17 19:01:35'),(96,'m','2020-10-24','Larkinchester','Congo','2020-01-20 03:24:26','2019-11-08 02:22:24','2020-02-18 10:11:13'),(97,'w','2012-10-15','West Virgieville','Tajikistan','2013-11-23 20:54:45','2013-04-05 17:32:01','2021-02-17 19:01:35'),(98,'w','2013-07-30','Loganstad','Norway','2021-02-17 19:01:30','2015-04-05 21:23:51','2021-02-17 19:01:30'),(99,'m','2020-01-25','North Oliver','Ukraine','2015-08-15 13:17:31','2014-06-01 21:03:38','2018-01-19 18:11:46'),(100,'m','2011-09-08','Yostfort','Greenland','2021-02-17 19:01:30','2019-09-25 22:07:43','2021-02-17 19:01:30');
/*!40000 ALTER TABLE `profiles` ENABLE KEYS */;
UNLOCK TABLES;

--
-- Table structure for table `users`
--

DROP TABLE IF EXISTS `users`;
/*!40101 SET @saved_cs_client     = @@character_set_client */;
/*!50503 SET character_set_client = utf8mb4 */;
CREATE TABLE `users` (
  `id` int unsigned NOT NULL AUTO_INCREMENT,
  `first_name` varchar(100) CHARACTER SET utf8mb4 COLLATE utf8mb4_unicode_ci NOT NULL,
  `last_name` varchar(100) CHARACTER SET utf8mb4 COLLATE utf8mb4_unicode_ci NOT NULL,
  `email` varchar(100) CHARACTER SET utf8mb4 COLLATE utf8mb4_unicode_ci NOT NULL,
  `phone` varchar(100) CHARACTER SET utf8mb4 COLLATE utf8mb4_unicode_ci NOT NULL,
  `created_at` datetime DEFAULT CURRENT_TIMESTAMP,
  `updated_at` datetime DEFAULT CURRENT_TIMESTAMP ON UPDATE CURRENT_TIMESTAMP,
  `username` varchar(30) COLLATE utf8mb4_unicode_ci NOT NULL,
  PRIMARY KEY (`id`),
  UNIQUE KEY `email` (`email`),
  UNIQUE KEY `phone` (`phone`)
) ENGINE=InnoDB AUTO_INCREMENT=101 DEFAULT CHARSET=utf8mb4 COLLATE=utf8mb4_unicode_ci;
/*!40101 SET character_set_client = @saved_cs_client */;

--
-- Dumping data for table `users`
--

LOCK TABLES `users` WRITE;
/*!40000 ALTER TABLE `users` DISABLE KEYS */;
INSERT INTO `users` VALUES (1,'Kristina','McKenzie','macy03@example.com','1-111-757-4108x23984','2014-06-28 13:54:55','2021-02-15 20:41:56','mckenzie'),(2,'Abel','Brekke','qmorissette@example.net','1-808-187-4200x56351','2020-04-24 20:36:38','2021-02-15 20:41:56','brekke'),(3,'Serena','Armstrong','ocummerata@example.org','697.983.2451x9353','2011-05-02 04:21:18','2021-02-15 20:41:56','armstrong'),(4,'Hadley','Kris','eliane.deckow@example.org','07475795886','2015-06-10 23:19:00','2021-02-15 20:41:56','kris'),(5,'Rae','Kshlerin','aaliyah20@example.net','09837433579','2020-03-22 07:41:26','2021-02-15 20:41:56','kshlerin'),(6,'Pearline','Jaskolski','kaitlyn.marquardt@example.com','(493)966-5293x424','2013-11-05 16:26:22','2021-02-15 20:41:56','jaskolski'),(7,'Kaya','Schiller','eveline.ryan@example.com','872-027-3191x41442','2018-07-25 16:07:42','2021-02-15 20:41:56','schiller'),(8,'Matilda','Runolfsson','devon75@example.org','(110)964-4260x552','2017-09-25 06:10:40','2021-02-15 20:41:56','runolfsson'),(9,'Shanie','Willms','ariel70@example.com','1-409-999-6179x9868','2020-01-19 11:42:04','2021-02-15 20:41:56','willms'),(10,'Jalyn','Stroman','laura91@example.com','(615)429-9450x6783','2011-05-29 06:22:53','2021-02-15 20:41:56','stroman'),(11,'Percival','Bednar','oma.huel@example.net','05272698032','2014-07-27 22:53:30','2021-02-15 20:41:56','bednar'),(12,'Presley','Glover','lindsey37@example.net','06340433544','2017-04-27 17:23:15','2021-02-15 20:41:56','glover'),(13,'Autumn','Hegmann','helen.carter@example.org','1-481-074-4824','2014-04-11 18:43:18','2021-02-15 20:41:56','hegmann'),(14,'Dandre','Hermann','mohr.aliya@example.net','(300)807-0229x856','2014-10-23 01:57:16','2021-02-15 20:41:56','hermann'),(15,'Demarcus','Kautzer','pmonahan@example.com','+36(9)2820396881','2011-03-15 09:21:43','2021-02-15 20:41:56','kautzer'),(16,'Dan','Franecki','kunze.mckayla@example.com','(488)382-5008','2019-08-30 16:47:05','2021-02-15 20:41:56','franecki'),(17,'Marguerite','Hartmann','blanca64@example.com','686-137-1772','2012-02-07 15:39:08','2021-02-15 20:41:56','hartmann'),(18,'Gregoria','Price','gardner.schuppe@example.org','1-700-611-8561x323','2011-03-31 06:34:20','2021-02-15 20:41:56','price'),(19,'Era','Schultz','trath@example.net','564-636-5519x320','2011-06-16 03:49:29','2021-02-15 20:41:56','schultz'),(20,'Talia','Legros','fredrick91@example.org','+08(8)3601909885','2020-07-24 21:35:11','2021-02-15 20:41:56','legros'),(21,'Quinn','Pacocha','nabbott@example.net','1-250-299-9685','2017-08-30 02:10:39','2021-02-15 20:41:56','pacocha'),(22,'Kayli','Rohan','belle52@example.com','(939)720-5130','2015-12-03 10:52:50','2021-02-15 20:41:56','rohan'),(23,'Brionna','Champlin','conn.dameon@example.net','1-564-106-2965x898','2015-08-23 23:03:57','2021-02-15 20:41:56','champlin'),(24,'Rasheed','Bergstrom','rschulist@example.net','1-731-476-3496x88970','2011-02-25 17:32:43','2021-02-15 20:41:56','bergstrom'),(25,'Gloria','Ferry','mittie.hessel@example.com','456-397-7058','2011-09-30 19:54:40','2021-02-15 20:41:56','ferry'),(26,'Amina','Beatty','camille.hettinger@example.org','1-872-216-2050','2016-06-02 17:48:09','2021-02-15 20:41:56','beatty'),(27,'Scot','Zemlak','vcasper@example.org','142-935-5752x13588','2018-06-14 00:15:34','2021-02-15 20:41:56','zemlak'),(28,'Ruthe','Okuneva','berenice.goyette@example.org','1-271-252-0641','2014-05-27 00:08:13','2021-02-15 20:41:56','okuneva'),(29,'Scot','Nienow','dortha94@example.com','886-873-2760','2012-03-06 08:46:01','2021-02-15 20:41:56','nienow'),(30,'Nikolas','Collins','jbogan@example.net','(406)173-2625x50347','2015-07-27 01:42:16','2021-02-15 20:41:56','collins'),(31,'Kameron','Wiza','lglover@example.net','792.922.6007','2012-06-04 11:26:19','2021-02-15 20:41:56','wiza'),(32,'Euna','Collier','evelyn.turcotte@example.net','720-201-9518x296','2019-07-27 13:28:53','2021-02-15 20:41:56','collier'),(33,'Doris','Cronin','marques.buckridge@example.net','615-202-4523x754','2015-10-21 19:47:53','2021-02-15 20:41:56','cronin'),(34,'Matilde','Huels','mayer.claude@example.com','(375)877-9013x91418','2020-01-09 00:35:33','2021-02-15 20:41:56','huels'),(35,'Wilson','Prosacco','cpaucek@example.com','02219417889','2014-09-12 13:13:58','2021-02-15 20:41:56','prosacco'),(36,'Aliza','Bechtelar','howard.abernathy@example.net','076.756.6187x6287','2015-04-27 17:08:30','2021-02-15 20:41:56','bechtelar'),(37,'Mylene','Conn','daryl46@example.net','868.538.6131x3593','2012-02-21 01:35:58','2021-02-15 20:41:56','conn'),(38,'Deshawn','Kovacek','patrick.labadie@example.net','943-925-3454x3617','2015-09-01 20:40:09','2021-02-15 20:41:56','kovacek'),(39,'Dortha','Jaskolski','ebert.karen@example.net','004-733-8683','2018-06-17 01:59:30','2021-02-15 20:41:56','jaskolski'),(40,'Lucio','Harber','tjohnston@example.net','407-847-3939x6418','2013-07-07 14:41:34','2021-02-15 20:41:56','harber'),(41,'Watson','Kub','eusebio27@example.com','(872)860-7062','2016-05-15 05:20:41','2021-02-15 20:41:56','kub'),(42,'Annabel','Jakubowski','wilfredo.kozey@example.com','1-160-632-5545x434','2015-08-10 14:07:25','2021-02-15 20:41:56','jakubowski'),(43,'Adam','Nitzsche','bkemmer@example.com','558-008-0744x611','2015-05-02 06:31:40','2021-02-15 20:41:56','nitzsche'),(44,'Maxime','Zemlak','skerluke@example.com','628.621.5342','2019-02-21 03:04:46','2021-02-15 20:41:56','zemlak'),(45,'Jamar','Wolf','okulas@example.net','1-358-281-3467','2017-03-28 11:44:04','2021-02-15 20:41:56','wolf'),(46,'Garth','Stroman','thiel.judge@example.net','215.615.6620','2015-07-06 21:14:36','2021-02-15 20:41:56','stroman'),(47,'Carolina','Sporer','sadye27@example.org','244.179.2247x99474','2017-10-18 07:01:47','2021-02-15 20:41:56','sporer'),(48,'Phoebe','Mills','cgleichner@example.net','1-945-157-7070x475','2019-06-25 09:03:05','2021-02-15 20:41:56','mills'),(49,'Bert','Kulas','dreinger@example.org','090.830.0205x4582','2015-03-21 01:36:00','2021-02-15 20:41:56','kulas'),(50,'Kaelyn','Davis','xankunding@example.net','691-303-2352','2011-06-07 05:32:21','2021-02-15 20:41:56','davis'),(51,'Itzel','Zboncak','valentine08@example.net','459.388.3746','2014-09-02 01:41:39','2021-02-15 20:41:56','zboncak'),(52,'Mercedes','Ferry','elizabeth.koelpin@example.net','692-485-1427','2017-06-15 03:40:48','2021-02-15 20:41:56','ferry'),(53,'Emmalee','Abshire','alexa.lowe@example.com','(044)771-9656x039','2020-01-24 10:19:44','2021-02-15 20:41:56','abshire'),(54,'Keagan','Runte','georgiana43@example.org','00288081129','2016-01-09 23:17:52','2021-02-15 20:41:56','runte'),(55,'Gwendolyn','Schultz','smith.tad@example.com','08111671641','2012-03-11 21:58:53','2021-02-15 20:41:56','schultz'),(56,'Alisha','Powlowski','meggie.gaylord@example.org','161.826.5541','2018-11-23 16:39:36','2021-02-15 20:41:56','powlowski'),(57,'Ophelia','Metz','thompson.florida@example.com','233-213-9462','2019-10-14 12:06:14','2021-02-15 20:41:56','metz'),(58,'Irma','O\'Kon','bailey.maximilian@example.org','(428)149-9620x550','2018-12-31 23:34:37','2021-02-15 20:41:56','o\'kon'),(59,'Destiney','Price','grant.koch@example.org','+18(6)8676562206','2017-06-08 09:58:05','2021-02-15 20:41:56','price'),(60,'Brenden','Moen','lucile43@example.net','204.061.3611x4142','2011-12-27 23:16:26','2021-02-15 20:41:56','moen'),(61,'General','Torphy','grimes.willie@example.net','(407)225-5946x475','2015-06-04 15:08:08','2021-02-15 20:41:56','torphy'),(62,'Cathrine','Jakubowski','jacobson.geovanny@example.net','961.265.0002','2012-07-26 15:07:27','2021-02-15 20:41:56','jakubowski'),(63,'Andreanne','Kerluke','halvorson.hayden@example.com','01703914694','2017-09-16 02:40:48','2021-02-15 20:41:56','kerluke'),(64,'Nathanael','Greenfelder','isidro.christiansen@example.com','+58(6)2390668767','2020-03-04 20:58:07','2021-02-15 20:41:56','greenfelder'),(65,'Norene','Cummerata','lillie34@example.org','(580)121-6381x306','2013-12-31 08:25:13','2021-02-15 20:41:56','cummerata'),(66,'Katelin','Volkman','hyatt.elda@example.org','413.575.7052','2012-06-15 10:51:16','2021-02-15 20:41:56','volkman'),(67,'Darby','Kuvalis','pink15@example.net','+22(0)3380100867','2020-08-20 19:48:08','2021-02-15 20:41:56','kuvalis'),(68,'Alayna','Buckridge','clovis.buckridge@example.net','389.232.8441x639','2011-03-31 02:20:57','2021-02-15 20:41:56','buckridge'),(69,'Mario','Torp','cedrick85@example.com','975-182-8847x616','2020-11-14 06:47:49','2021-02-15 20:41:56','torp'),(70,'Carmen','Muller','estel.stanton@example.net','1-528-018-8157x7259','2016-11-21 14:31:28','2021-02-15 20:41:56','muller'),(71,'Rhea','Littel','merle40@example.org','858-232-0455','2016-06-24 09:57:33','2021-02-15 20:41:56','littel'),(72,'Torrance','Daniel','crist.rachael@example.org','(929)257-3463x72117','2018-05-15 22:43:35','2021-02-15 20:41:56','daniel'),(73,'Werner','Gislason','mccullough.lois@example.org','660.743.6702x064','2013-10-04 23:54:09','2021-02-15 20:41:56','gislason'),(74,'Dayton','Hudson','gulgowski.jamel@example.net','832-989-9424','2019-01-02 11:11:12','2021-02-15 20:41:56','hudson'),(75,'Kariane','Tillman','antwan.marquardt@example.com','04072930754','2018-04-18 19:44:48','2021-02-15 20:41:56','tillman'),(76,'Makayla','Lockman','callie48@example.net','+46(5)0900675793','2016-11-01 12:37:39','2021-02-15 20:41:56','lockman'),(77,'Vanessa','Strosin','laura00@example.org','1-454-511-4918x75612','2021-01-18 07:14:40','2021-02-15 20:41:56','strosin'),(78,'Kenyatta','O\'Reilly','brennan.medhurst@example.net','(698)767-4066x16390','2011-05-16 12:55:58','2021-02-15 20:41:56','o\'reilly'),(79,'Elena','Tillman','kreiger.larissa@example.net','(362)889-7445x46221','2019-06-06 12:18:49','2021-02-15 20:41:56','tillman'),(80,'Zoie','Heller','donna.brekke@example.net','206.812.3104x57868','2019-04-21 05:56:27','2021-02-15 20:41:56','heller'),(81,'Mohamed','Hills','egrimes@example.com','+36(8)8503357789','2018-11-17 15:59:39','2021-02-15 20:41:56','hills'),(82,'Ilene','Funk','monahan.tom@example.net','217.418.8735x8261','2019-09-05 19:30:43','2021-02-15 20:41:56','funk'),(83,'Florine','Dach','murray.dewitt@example.com','861-275-8110x221','2015-01-01 09:24:10','2021-02-15 20:41:56','dach'),(84,'Darlene','Padberg','maxie68@example.com','766-016-7687x7284','2011-09-09 09:10:42','2021-02-15 20:41:56','padberg'),(85,'Kimberly','Considine','metz.fletcher@example.net','(347)290-3698x4193','2013-03-23 09:42:44','2021-02-15 20:41:56','considine'),(86,'Holly','Considine','qbaumbach@example.org','478.965.6939','2017-04-02 07:46:03','2021-02-15 20:41:56','considine'),(87,'Elaina','Bashirian','braden88@example.com','06224613873','2016-12-02 07:17:24','2021-02-15 20:41:56','bashirian'),(88,'Destinee','Herman','albertha30@example.net','742-373-7728','2016-12-02 12:47:49','2021-02-15 20:41:56','herman'),(89,'Arely','Kirlin','bsporer@example.net','1-498-738-3941','2020-04-21 01:12:08','2021-02-15 20:41:56','kirlin'),(90,'Emmitt','Bechtelar','johnston.jessica@example.org','(742)763-5489','2012-10-17 18:49:06','2021-02-15 20:41:56','bechtelar'),(91,'Kevon','Haag','alejandra11@example.net','+73(0)4480279221','2015-09-03 08:13:56','2021-02-15 20:41:56','haag'),(92,'Candido','Osinski','damian69@example.net','1-686-094-0050','2013-08-06 11:29:27','2021-02-15 20:41:56','osinski'),(93,'Idella','Boyer','jedediah.auer@example.org','(228)214-2726x59197','2019-04-16 15:15:56','2021-02-15 20:41:56','boyer'),(94,'Destany','Gerlach','mo\'keefe@example.org','1-755-873-9084x801','2013-11-18 06:39:44','2021-02-15 20:41:56','gerlach'),(95,'Maybelle','Harber','odell.senger@example.org','498.397.8610x6846','2012-11-13 09:59:26','2021-02-15 20:41:56','harber'),(96,'Lacy','Waters','ybosco@example.org','1-688-376-8980x083','2015-12-13 02:58:57','2021-02-15 20:41:56','waters'),(97,'Zane','Hamill','gschaefer@example.com','750-339-5230x56892','2013-03-14 00:22:21','2021-02-15 20:41:56','hamill'),(98,'Virginia','Kshlerin','clark.goyette@example.net','197-141-6988','2012-03-22 09:25:50','2021-02-15 20:41:56','kshlerin'),(99,'Dayne','Hettinger','egulgowski@example.com','364.743.1457x62546','2019-10-10 01:35:01','2021-02-15 20:41:56','hettinger'),(100,'Deonte','Sanford','claire.flatley@example.net','899.816.2394','2015-05-31 21:39:23','2021-02-15 20:41:56','sanford');
/*!40000 ALTER TABLE `users` ENABLE KEYS */;
UNLOCK TABLES;
/*!40103 SET TIME_ZONE=@OLD_TIME_ZONE */;

/*!40101 SET SQL_MODE=@OLD_SQL_MODE */;
/*!40014 SET FOREIGN_KEY_CHECKS=@OLD_FOREIGN_KEY_CHECKS */;
/*!40014 SET UNIQUE_CHECKS=@OLD_UNIQUE_CHECKS */;
/*!40101 SET CHARACTER_SET_CLIENT=@OLD_CHARACTER_SET_CLIENT */;
/*!40101 SET CHARACTER_SET_RESULTS=@OLD_CHARACTER_SET_RESULTS */;
/*!40101 SET COLLATION_CONNECTION=@OLD_COLLATION_CONNECTION */;
/*!40111 SET SQL_NOTES=@OLD_SQL_NOTES */;

-- Dump completed on 2021-02-17 19:52:16
